id;latitude;longitude;time
1;-6.2;106.8;2025-01-01 06:00 pm
1;-10;110;2025-01-01 05:50 pm
1;-11.5385;106.1538;2025-01-01 05:40 pm
1;-13.0769;102.3077;2025-01-01 05:30 pm
1;-14.6154;98.46154;2025-01-01 05:20 pm
1;-16.1538;94.61538;2025-01-01 05:10 pm
1;-17.6923;90.76923;2025-01-01 05:00 pm
1;-19.2308;86.92308;2025-01-01 04:50 pm
1;-20.7692;83.07692;2025-01-01 04:40 pm
1;-22.3077;79.23077;2025-01-01 04:30 pm
1;-23.8462;75.38462;2025-01-01 04:20 pm
1;-25.3846;71.53846;2025-01-01 04:10 pm
1;-26.9231;67.69231;2025-01-01 04:00 pm
1;-28.4615;63.84615;2025-01-01 03:50 pm
1;-30;60;2025-01-01 03:40 pm
1;-30;60;2025-01-01 03:30 pm
1;-30.3846;56.92308;2025-01-01 03:20 pm
1;-30.7692;53.84615;2025-01-01 03:10 pm
1;-31.1538;50.76923;2025-01-01 03:00 pm
1;-31.5385;47.69231;2025-01-01 02:50 pm
1;-31.9231;44.61538;2025-01-01 02:40 pm
1;-32.3077;41.53846;2025-01-01 02:30 pm
1;-32.6923;38.46154;2025-01-01 02:20 pm
1;-33.0769;35.38462;2025-01-01 02:10 pm
1;-33.4615;32.30769;2025-01-01 02:00 pm
1;-33.8462;29.23077;2025-01-01 01:50 pm
1;-34.2308;26.15385;2025-01-01 01:40 pm
1;-34.6154;23.07692;2025-01-01 01:10 pm
1;-35;20;2025-01-01 01:00 pm
1;-35;20;2025-01-01 12:50 pm
1;-33.4615;17.69231;2025-01-01 12:40 pm
1;-31.9231;15.38462;2025-01-01 12:30 pm
1;-30.3846;13.07692;2025-01-01 12:20 pm
1;-28.8462;10.76923;2025-01-01 12:10 pm
1;-27.3077;8.46154;2025-01-01 12:00 pm
1;-25.7692;6.15385;2025-01-01 11:50 am
1;-24.2308;3.84615;2025-01-01 11:40 am
1;-22.6923;1.53846;2025-01-01 11:30 am
1;-21.1538;-0.76923;2025-01-01 11:20 am
1;-19.6154;-3.07692;2025-01-01 11:10 am
1;-18.0769;-5.38462;2025-01-01 11:00 am
1;-16.5385;-7.69231;2025-01-01 10:50 am
1;-15;-10;2025-01-01 10:40 am
1;-15;-10;2025-01-01 10:30 am
1;-13.0769;-10.7692;2025-01-01 10:20 am
1;-11.1538;-11.5385;2025-01-01 10:10 am
1;-9.23077;-12.3077;2025-01-01 10:00 am
1;-7.30769;-13.0769;2025-01-01 09:50 am
1;-5.38462;-13.8462;2025-01-01 09:40 am
1;-3.46154;-14.6154;2025-01-01 09:30 am
1;-1.53846;-15.3846;2025-01-01 09:20 am
1;0.38462;-16.1538;2025-01-01 09:10 am
1;2.30769;-16.9231;2025-01-01 09:00 am
1;4.23077;-17.6923;2025-01-01 08:50 am
1;6.15385;-18.4615;2025-01-01 08:40 am
1;8.07692;-19.2308;2025-01-01 08:30 am
1;10;-20;2025-01-01 08:20 am
1;10;-20;2025-01-01 08:10 am
1;11.53846;-19.2308;2025-01-01 08:00 am
1;13.07692;-18.4615;2025-01-01 07:50 am
1;14.61538;-17.6923;2025-01-01 07:40 am
1;16.15385;-16.9231;2025-01-01 07:30 am
1;17.69231;-16.1538;2025-01-01 07:20 am
1;19.23077;-15.3846;2025-01-01 07:10 am
1;20.76923;-14.6154;2025-01-01 07:00 am
1;22.30769;-13.8462;2025-01-01 06:50 am
1;23.84615;-13.0769;2025-01-01 06:40 am
1;25.38462;-12.3077;2025-01-01 06:30 am
1;26.92308;-11.5385;2025-01-01 06:20 am
1;28.46154;-10.7692;2025-01-01 06:10 am
1;30;-10;2025-01-01 06:00 am
1;30;-10;2025-01-01 05:50 am
1;32.344;-8.57932;2025-01-01 05:40 am
1;34.688;-7.15863;2025-01-01 05:30 am
1;37.032;-5.73795;2025-01-01 05:20 am
1;39.376;-4.31726;2025-01-01 05:10 am
1;41.72;-2.89658;2025-01-01 05:00 am
1;44.064;-1.47589;2025-01-01 04:50 am
1;46.408;-0.05521;2025-01-01 04:40 am
1;48.752;1.36548;2025-01-01 04:30 am
1;51.096;2.78616;2025-01-01 04:20 am
1;53.44;4.20685;2025-01-01 04:10 am
1;55.784;5.62753;2025-01-01 04:00 am
1;58.128;7.04822;2025-01-01 03:50 am
1;60.472;8.4689;2025-01-01 03:40 am
