particle_id,latitude,longitude,timestamp,speed,direction
BUOY-01,-6.9,110.3,2025-01-01T00:00:00Z,0.42,95
BUOY-01,-6.90118,110.31363,2025-01-01T01:00:00Z,0.44,98
BUOY-01,-6.90316,110.32782,2025-01-01T02:00:00Z,0.43,94
BUOY-01,-6.90413,110.3418,2025-01-01T03:00:00Z,0.46,96
BUOY-01,-6.90569,110.3567,2025-01-01T04:00:00Z,0.44,94
BUOY-01,-6.90668,110.371,2025-01-01T05:00:00Z,0.45,99
BUOY-01,-6.90896,110.38548,2025-01-01T06:00:00Z,0.42,96
BUOY-01,-6.91038,110.39908,2025-01-01T07:00:00Z,0.44,97
BUOY-01,-6.91211,110.41331,2025-01-01T08:00:00Z,0.43,92
BUOY-02,-7.25,112.75,2025-01-01T00:00:00Z,0.55,60
BUOY-02,-7.24111,112.76553,2025-01-01T01:00:00Z,0.57,63
BUOY-02,-7.23274,112.78208,2025-01-01T02:00:00Z,0.56,59
BUOY-02,-7.22341,112.79773,2025-01-01T03:00:00Z,0.59,61
BUOY-02,-7.21416,112.81455,2025-01-01T04:00:00Z,0.57,59
BUOY-02,-7.20467,112.83048,2025-01-01T05:00:00Z,0.58,64
BUOY-02,-7.19644,112.84747,2025-01-01T06:00:00Z,0.55,61
BUOY-02,-7.18782,112.86315,2025-01-01T07:00:00Z,0.57,62
BUOY-02,-7.17916,112.87955,2025-01-01T08:00:00Z,0.56,57
BUOY-03,-5.1,119.4,2025-01-01T00:00:00Z,0.38,200
BUOY-03,-5.11155,119.39578,2025-01-01T01:00:00Z,0.4,203
BUOY-03,-5.12346,119.39071,2025-01-01T02:00:00Z,0.39,199
BUOY-03,-5.13538,119.38658,2025-01-01T03:00:00Z,0.42,201
BUOY-03,-5.14806,119.3817,2025-01-01T04:00:00Z,0.4,199
BUOY-03,-5.16029,119.37747,2025-01-01T05:00:00Z,0.41,204
BUOY-03,-5.1724,119.37205,2025-01-01T06:00:00Z,0.38,201
BUOY-03,-5.18388,119.36763,2025-01-01T07:00:00Z,0.4,202
BUOY-03,-5.19587,119.36276,2025-01-01T08:00:00Z,0.39,197
BUOY-04,-8.6,115.2,2025-01-01T00:00:00Z,0.61,320
BUOY-04,-8.58489,115.18718,2025-01-01T01:00:00Z,0.63,323
BUOY-04,-8.56862,115.17478,2025-01-01T02:00:00Z,0.62,319
BUOY-04,-8.55348,115.16147,2025-01-01T03:00:00Z,0.65,321
BUOY-04,-8.53715,115.1481,2025-01-01T04:00:00Z,0.63,319
BUOY-04,-8.52177,115.13458,2025-01-01T05:00:00Z,0.64,324
BUOY-04,-8.50503,115.12228,2025-01-01T06:00:00Z,0.61,321
BUOY-04,-8.4897,115.10973,2025-01-01T07:00:00Z,0.63,322
BUOY-04,-8.47364,115.09705,2025-01-01T08:00:00Z,0.62,317
