station,timestamp,wind_direction,wind_speed
Buoy-KDR-01,2026-01-01T00:00:00Z,162.7,2.26
Buoy-KDR-01,2026-01-01T01:00:00Z,139.4,4.78
Buoy-KDR-01,2026-01-01T02:00:00Z,166.3,0.78
Buoy-KDR-01,2026-01-01T03:00:00Z,154.0,3.78
Buoy-KDR-01,2026-01-01T04:00:00Z,71.6,4.61
Buoy-KDR-01,2026-01-01T05:00:00Z,143.6,5.79
Buoy-KDR-01,2026-01-01T06:00:00Z,290.1,4.92
Buoy-KDR-01,2026-01-01T07:00:00Z,180.9,1.85
Buoy-KDR-01,2026-01-01T08:00:00Z,127.0,1.44
Buoy-KDR-01,2026-01-01T09:00:00Z,148.2,4.33
Buoy-KDR-01,2026-01-01T10:00:00Z,129.5,8.56
Buoy-KDR-01,2026-01-01T11:00:00Z,92.0,4.03
Buoy-KDR-01,2026-01-01T12:00:00Z,83.8,4.18
Buoy-KDR-01,2026-01-01T13:00:00Z,87.8,0.97
Buoy-KDR-01,2026-01-01T14:00:00Z,131.5,2.32
Buoy-KDR-01,2026-01-01T15:00:00Z,148.8,2.57
Buoy-KDR-01,2026-01-01T16:00:00Z,112.8,2.18
Buoy-KDR-01,2026-01-01T17:00:00Z,160.3,7.47
Buoy-KDR-01,2026-01-01T18:00:00Z,118.4,5.14
Buoy-KDR-01,2026-01-01T19:00:00Z,121.4,3.11
Buoy-KDR-01,2026-01-01T20:00:00Z,106.5,4.83
Buoy-KDR-01,2026-01-01T21:00:00Z,100.6,5.5
Buoy-KDR-01,2026-01-01T22:00:00Z,164.9,2.51
Buoy-KDR-01,2026-01-01T23:00:00Z,141.1,7.61
Buoy-KDR-01,2026-01-02T00:00:00Z,114.8,3.19
Buoy-KDR-01,2026-01-02T01:00:00Z,181.9,3.53
Buoy-KDR-01,2026-01-02T02:00:00Z,136.0,2.48
Buoy-KDR-01,2026-01-02T03:00:00Z,179.9,6.8
Buoy-KDR-01,2026-01-02T04:00:00Z,158.2,3.8
Buoy-KDR-01,2026-01-02T05:00:00Z,254.1,0.99
Buoy-KDR-01,2026-01-02T06:00:00Z,91.8,3.33
Buoy-KDR-01,2026-01-02T07:00:00Z,137.4,10.6
Buoy-KDR-01,2026-01-02T08:00:00Z,90.5,8.47
Buoy-KDR-01,2026-01-02T09:00:00Z,190.8,4.81
Buoy-KDR-01,2026-01-02T10:00:00Z,139.0,2.51
Buoy-KDR-01,2026-01-02T11:00:00Z,163.6,3.5
Buoy-KDR-01,2026-01-02T12:00:00Z,159.1,6.5
Buoy-KDR-01,2026-01-02T13:00:00Z,113.0,7.03
Buoy-KDR-01,2026-01-02T14:00:00Z,134.9,2.68
Buoy-KDR-01,2026-01-02T15:00:00Z,119.4,5.4
Buoy-KDR-01,2026-01-02T16:00:00Z,122.3,5.53
Buoy-KDR-01,2026-01-02T17:00:00Z,166.0,0.63
Buoy-KDR-01,2026-01-02T18:00:00Z,135.1,6.54
Buoy-KDR-01,2026-01-02T19:00:00Z,130.7,6.53
Buoy-KDR-01,2026-01-02T20:00:00Z,146.3,1.35
Buoy-KDR-01,2026-01-02T21:00:00Z,188.7,5.42
Buoy-KDR-01,2026-01-02T22:00:00Z,159.9,3.61
Buoy-KDR-01,2026-01-02T23:00:00Z,128.3,3.34
Buoy-KDR-01,2026-01-03T00:00:00Z,205.7,3.96
Buoy-KDR-01,2026-01-03T01:00:00Z,144.1,10.39
Buoy-KDR-01,2026-01-03T02:00:00Z,163.8,3.42
Buoy-KDR-01,2026-01-03T03:00:00Z,153.1,2.89
Buoy-KDR-01,2026-01-03T04:00:00Z,152.2,2.3
Buoy-KDR-01,2026-01-03T05:00:00Z,179.6,2.29
Buoy-KDR-01,2026-01-03T06:00:00Z,156.3,6.31
Buoy-KDR-01,2026-01-03T07:00:00Z,85.7,4.73
Buoy-KDR-01,2026-01-03T08:00:00Z,190.2,4.14
Buoy-KDR-01,2026-01-03T09:00:00Z,195.5,5.58
Buoy-KDR-01,2026-01-03T10:00:00Z,140.8,3.38
Buoy-KDR-01,2026-01-03T11:00:00Z,149.7,3.57
Buoy-KDR-01,2026-01-03T12:00:00Z,88.3,1.45
Buoy-KDR-01,2026-01-03T13:00:00Z,45.7,2.9
Buoy-KDR-01,2026-01-03T14:00:00Z,135.2,3.47
Buoy-KDR-01,2026-01-03T15:00:00Z,157.7,2.57
Buoy-KDR-01,2026-01-03T16:00:00Z,168.6,6.33
Buoy-KDR-01,2026-01-03T17:00:00Z,117.4,1.03
Buoy-KDR-01,2026-01-03T18:00:00Z,182.5,7.27
Buoy-KDR-01,2026-01-03T19:00:00Z,55.9,1.92
Buoy-KDR-01,2026-01-03T20:00:00Z,143.0,1.11
Buoy-KDR-01,2026-01-03T21:00:00Z,169.5,9.24
Buoy-KDR-01,2026-01-03T22:00:00Z,143.2,3.34
Buoy-KDR-01,2026-01-03T23:00:00Z,97.3,10.44
Buoy-KDR-01,2026-01-04T00:00:00Z,131.0,2.67
Buoy-KDR-01,2026-01-04T01:00:00Z,115.1,4.19
Buoy-KDR-01,2026-01-04T02:00:00Z,134.8,4.22
Buoy-KDR-01,2026-01-04T03:00:00Z,123.0,6.23
Buoy-KDR-01,2026-01-04T04:00:00Z,148.9,2.04
Buoy-KDR-01,2026-01-04T05:00:00Z,131.5,4.77
Buoy-KDR-01,2026-01-04T06:00:00Z,188.7,2.39
Buoy-KDR-01,2026-01-04T07:00:00Z,185.3,4.42
Buoy-KDR-01,2026-01-04T08:00:00Z,98.2,7.43
Buoy-KDR-01,2026-01-04T09:00:00Z,113.6,5.05
Buoy-KDR-01,2026-01-04T10:00:00Z,93.6,2.69
Buoy-KDR-01,2026-01-04T11:00:00Z,166.8,5.31
Buoy-KDR-01,2026-01-04T12:00:00Z,165.0,11.45
Buoy-KDR-01,2026-01-04T13:00:00Z,156.7,2.5
Buoy-KDR-01,2026-01-04T14:00:00Z,145.8,6.56
Buoy-KDR-01,2026-01-04T15:00:00Z,121.0,6.03
Buoy-KDR-01,2026-01-04T16:00:00Z,150.0,4.38
Buoy-KDR-01,2026-01-04T17:00:00Z,132.5,5.87
Buoy-KDR-01,2026-01-04T18:00:00Z,131.4,4.7
Buoy-KDR-01,2026-01-04T19:00:00Z,146.5,1.51
Buoy-KDR-01,2026-01-04T20:00:00Z,148.0,2.54
Buoy-KDR-01,2026-01-04T21:00:00Z,130.2,4.51
Buoy-KDR-01,2026-01-04T22:00:00Z,111.9,3.68
Buoy-KDR-01,2026-01-04T23:00:00Z,143.7,3.34
Buoy-KDR-01,2026-01-05T00:00:00Z,122.3,0.27
Buoy-KDR-01,2026-01-05T01:00:00Z,117.2,5.23
Buoy-KDR-01,2026-01-05T02:00:00Z,114.3,3.36
Buoy-KDR-01,2026-01-05T03:00:00Z,27.1,6.59
Buoy-KDR-01,2026-01-05T04:00:00Z,71.3,4.21
Buoy-KDR-01,2026-01-05T05:00:00Z,116.2,1.66
Buoy-KDR-01,2026-01-05T06:00:00Z,185.3,6.32
Buoy-KDR-01,2026-01-05T07:00:00Z,98.0,2.19
Buoy-KDR-01,2026-01-05T08:00:00Z,183.6,6.61
Buoy-KDR-01,2026-01-05T09:00:00Z,171.7,4.43
Buoy-KDR-01,2026-01-05T10:00:00Z,198.3,8.7
Buoy-KDR-01,2026-01-05T11:00:00Z,105.2,6.57
Buoy-KDR-01,2026-01-05T12:00:00Z,265.2,2.86
Buoy-KDR-01,2026-01-05T13:00:00Z,157.5,5.81
Buoy-KDR-01,2026-01-05T14:00:00Z,68.8,5.6
Buoy-KDR-01,2026-01-05T15:00:00Z,183.1,2.26
Buoy-KDR-01,2026-01-05T16:00:00Z,85.2,3.53
Buoy-KDR-01,2026-01-05T17:00:00Z,142.1,0.7
Buoy-KDR-01,2026-01-05T18:00:00Z,110.9,2.84
Buoy-KDR-01,2026-01-05T19:00:00Z,162.7,4.56
Buoy-KDR-01,2026-01-05T20:00:00Z,129.2,8.97
Buoy-KDR-01,2026-01-05T21:00:00Z,151.1,8.44
Buoy-KDR-01,2026-01-05T22:00:00Z,128.5,8.16
Buoy-KDR-01,2026-01-05T23:00:00Z,164.0,5.14
Buoy-KDR-01,2026-01-06T00:00:00Z,158.5,4.34
Buoy-KDR-01,2026-01-06T01:00:00Z,100.5,2.44
Buoy-KDR-01,2026-01-06T02:00:00Z,165.3,0.19
Buoy-KDR-01,2026-01-06T03:00:00Z,80.8,5.24
Buoy-KDR-01,2026-01-06T04:00:00Z,121.6,3.03
Buoy-KDR-01,2026-01-06T05:00:00Z,239.1,2.85
Buoy-KDR-01,2026-01-06T06:00:00Z,167.2,2.69
Buoy-KDR-01,2026-01-06T07:00:00Z,89.4,3.26
Buoy-KDR-01,2026-01-06T08:00:00Z,129.8,3.32
Buoy-KDR-01,2026-01-06T09:00:00Z,152.5,4.79
Buoy-KDR-01,2026-01-06T10:00:00Z,112.8,4.01
Buoy-KDR-01,2026-01-06T11:00:00Z,103.3,3.37
Buoy-KDR-01,2026-01-06T12:00:00Z,115.3,4.64
Buoy-KDR-01,2026-01-06T13:00:00Z,112.3,3.6
Buoy-KDR-01,2026-01-06T14:00:00Z,143.6,5.67
Buoy-KDR-01,2026-01-06T15:00:00Z,171.3,4.51
Buoy-KDR-01,2026-01-06T16:00:00Z,156.4,5.88
Buoy-KDR-01,2026-01-06T17:00:00Z,123.4,2.12
Buoy-KDR-01,2026-01-06T18:00:00Z,88.1,3.61
Buoy-KDR-01,2026-01-06T19:00:00Z,112.9,1.24
Buoy-KDR-01,2026-01-06T20:00:00Z,119.2,4.91
Buoy-KDR-01,2026-01-06T21:00:00Z,118.2,2.38
Buoy-KDR-01,2026-01-06T22:00:00Z,193.3,5.46
Buoy-KDR-01,2026-01-06T23:00:00Z,137.0,3.35
Buoy-KDR-01,2026-01-07T00:00:00Z,175.8,1.02
Buoy-KDR-01,2026-01-07T01:00:00Z,124.0,6.18
Buoy-KDR-01,2026-01-07T02:00:00Z,151.5,9.45
Buoy-KDR-01,2026-01-07T03:00:00Z,85.7,7.79
Buoy-KDR-01,2026-01-07T04:00:00Z,92.6,3.77
Buoy-KDR-01,2026-01-07T05:00:00Z,98.7,4.01
Buoy-KDR-01,2026-01-07T06:00:00Z,133.4,2.46
Buoy-KDR-01,2026-01-07T07:00:00Z,95.3,4.53
Buoy-KDR-01,2026-01-07T08:00:00Z,86.3,2.55
Buoy-KDR-01,2026-01-07T09:00:00Z,102.9,2.53
Buoy-KDR-01,2026-01-07T10:00:00Z,128.4,3.97
Buoy-KDR-01,2026-01-07T11:00:00Z,141.3,4.98
Buoy-KDR-01,2026-01-07T12:00:00Z,146.7,3.98
Buoy-KDR-01,2026-01-07T13:00:00Z,188.5,2.17
Buoy-KDR-01,2026-01-07T14:00:00Z,173.3,4.91
Buoy-KDR-01,2026-01-07T15:00:00Z,108.9,5.42
Buoy-KDR-01,2026-01-07T16:00:00Z,167.6,5.33
Buoy-KDR-01,2026-01-07T17:00:00Z,136.2,7.88
Buoy-KDR-01,2026-01-07T18:00:00Z,134.3,4.33
Buoy-KDR-01,2026-01-07T19:00:00Z,91.0,2.24
Buoy-KDR-01,2026-01-07T20:00:00Z,166.2,4.8
Buoy-KDR-01,2026-01-07T21:00:00Z,140.7,1.91
Buoy-KDR-01,2026-01-07T22:00:00Z,169.0,0.74
Buoy-KDR-01,2026-01-07T23:00:00Z,170.1,4.1
Buoy-KDR-01,2026-01-08T00:00:00Z,231.4,1.72
Buoy-KDR-01,2026-01-08T01:00:00Z,167.5,2.19
Buoy-KDR-01,2026-01-08T02:00:00Z,145.6,5.39
Buoy-KDR-01,2026-01-08T03:00:00Z,135.8,2.43
Buoy-KDR-01,2026-01-08T04:00:00Z,68.9,0.63
Buoy-KDR-01,2026-01-08T05:00:00Z,167.5,4.61
Buoy-KDR-01,2026-01-08T06:00:00Z,135.0,4.62
Buoy-KDR-01,2026-01-08T07:00:00Z,157.2,0.65
Buoy-KDR-01,2026-01-08T08:00:00Z,127.7,1.65
Buoy-KDR-01,2026-01-08T09:00:00Z,112.4,4.93
Buoy-KDR-01,2026-01-08T10:00:00Z,125.4,1.93
Buoy-KDR-01,2026-01-08T11:00:00Z,134.8,5.89
Buoy-KDR-01,2026-01-08T12:00:00Z,117.7,1.52
Buoy-KDR-01,2026-01-08T13:00:00Z,112.3,4.79
Buoy-KDR-01,2026-01-08T14:00:00Z,90.8,1.27
Buoy-KDR-01,2026-01-08T15:00:00Z,168.5,4.47
Buoy-KDR-01,2026-01-08T16:00:00Z,144.6,4.31
Buoy-KDR-01,2026-01-08T17:00:00Z,67.5,9.14
Buoy-KDR-01,2026-01-08T18:00:00Z,113.8,3.06
Buoy-KDR-01,2026-01-08T19:00:00Z,165.3,2.91
Buoy-KDR-01,2026-01-08T20:00:00Z,142.3,8.1
Buoy-KDR-01,2026-01-08T21:00:00Z,120.1,5.98
Buoy-KDR-01,2026-01-08T22:00:00Z,82.7,8.26
Buoy-KDR-01,2026-01-08T23:00:00Z,157.5,5.78
Buoy-KDR-01,2026-01-09T00:00:00Z,97.8,5.16
Buoy-KDR-01,2026-01-09T01:00:00Z,138.9,6.22
Buoy-KDR-01,2026-01-09T02:00:00Z,196.8,2.38
Buoy-KDR-01,2026-01-09T03:00:00Z,172.5,4.37
Buoy-KDR-01,2026-01-09T04:00:00Z,202.2,2.02
Buoy-KDR-01,2026-01-09T05:00:00Z,147.2,5.69
Buoy-KDR-01,2026-01-09T06:00:00Z,174.7,2.56
Buoy-KDR-01,2026-01-09T07:00:00Z,341.3,1.35
Buoy-KDR-01,2026-01-09T08:00:00Z,97.8,3.68
Buoy-KDR-01,2026-01-09T09:00:00Z,116.6,3.7
Buoy-KDR-01,2026-01-09T10:00:00Z,88.0,1.41
Buoy-KDR-01,2026-01-09T11:00:00Z,124.3,4.2
Buoy-KDR-01,2026-01-09T12:00:00Z,107.1,3.92
Buoy-KDR-01,2026-01-09T13:00:00Z,134.2,4.96
Buoy-KDR-01,2026-01-09T14:00:00Z,103.6,2.42
Buoy-KDR-01,2026-01-09T15:00:00Z,141.2,3.94
Buoy-KDR-01,2026-01-09T16:00:00Z,151.5,2.04
Buoy-KDR-01,2026-01-09T17:00:00Z,79.1,8.72
Buoy-KDR-01,2026-01-09T18:00:00Z,140.6,2.6
Buoy-KDR-01,2026-01-09T19:00:00Z,143.6,2.0
Buoy-KDR-01,2026-01-09T20:00:00Z,192.3,2.55
Buoy-KDR-01,2026-01-09T21:00:00Z,158.6,4.04
Buoy-KDR-01,2026-01-09T22:00:00Z,184.4,3.7
Buoy-KDR-01,2026-01-09T23:00:00Z,185.2,4.16
Buoy-KDR-01,2026-01-10T00:00:00Z,114.2,1.03
Buoy-KDR-01,2026-01-10T01:00:00Z,143.2,3.63
Buoy-KDR-01,2026-01-10T02:00:00Z,123.9,4.48
Buoy-KDR-01,2026-01-10T03:00:00Z,53.7,4.09
Buoy-KDR-01,2026-01-10T04:00:00Z,143.0,10.16
Buoy-KDR-01,2026-01-10T05:00:00Z,139.3,5.63
Buoy-KDR-01,2026-01-10T06:00:00Z,87.4,3.87
Buoy-KDR-01,2026-01-10T07:00:00Z,70.0,9.66
Buoy-KDR-01,2026-01-10T08:00:00Z,159.4,4.43
Buoy-KDR-01,2026-01-10T09:00:00Z,129.7,2.17
Buoy-KDR-01,2026-01-10T10:00:00Z,50.2,4.68
Buoy-KDR-01,2026-01-10T11:00:00Z,141.4,0.23
Buoy-KDR-01,2026-01-10T12:00:00Z,147.3,4.27
Buoy-KDR-01,2026-01-10T13:00:00Z,141.4,4.96
Buoy-KDR-01,2026-01-10T14:00:00Z,189.5,4.85
Buoy-KDR-01,2026-01-10T15:00:00Z,146.5,4.68
Buoy-KDR-01,2026-01-10T16:00:00Z,87.4,3.35
Buoy-KDR-01,2026-01-10T17:00:00Z,89.1,5.96
Buoy-KDR-01,2026-01-10T18:00:00Z,59.7,2.73
Buoy-KDR-01,2026-01-10T19:00:00Z,73.8,4.13
Buoy-KDR-01,2026-01-10T20:00:00Z,173.0,4.94
Buoy-KDR-01,2026-01-10T21:00:00Z,172.7,3.75
Buoy-KDR-01,2026-01-10T22:00:00Z,143.7,3.38
Buoy-KDR-01,2026-01-10T23:00:00Z,139.8,2.42
Buoy-KDR-01,2026-01-11T00:00:00Z,199.7,4.16
Buoy-KDR-01,2026-01-11T01:00:00Z,119.2,12.53
Buoy-KDR-01,2026-01-11T02:00:00Z,133.8,5.35
Buoy-KDR-01,2026-01-11T03:00:00Z,145.0,4.62
Buoy-KDR-01,2026-01-11T04:00:00Z,154.4,4.52
Buoy-KDR-01,2026-01-11T05:00:00Z,177.2,1.39
Buoy-KDR-01,2026-01-11T06:00:00Z,108.9,6.28
Buoy-KDR-01,2026-01-11T07:00:00Z,180.1,4.89
Buoy-KDR-01,2026-01-11T08:00:00Z,195.4,4.02
Buoy-KDR-01,2026-01-11T09:00:00Z,113.3,2.77
Buoy-KDR-01,2026-01-11T10:00:00Z,170.0,3.83
Buoy-KDR-01,2026-01-11T11:00:00Z,128.4,4.66
Buoy-KDR-01,2026-01-11T12:00:00Z,115.7,3.02
Buoy-KDR-01,2026-01-11T13:00:00Z,146.7,4.46
Buoy-KDR-01,2026-01-11T14:00:00Z,147.7,7.29
Buoy-KDR-01,2026-01-11T15:00:00Z,177.3,4.93
Buoy-KDR-01,2026-01-11T16:00:00Z,182.3,2.35
Buoy-KDR-01,2026-01-11T17:00:00Z,126.9,4.03
Buoy-KDR-01,2026-01-11T18:00:00Z,225.9,7.03
Buoy-KDR-01,2026-01-11T19:00:00Z,195.3,1.59
Buoy-KDR-01,2026-01-11T20:00:00Z,79.4,3.79
Buoy-KDR-01,2026-01-11T21:00:00Z,135.6,6.04
Buoy-KDR-01,2026-01-11T22:00:00Z,136.7,3.13
Buoy-KDR-01,2026-01-11T23:00:00Z,179.3,3.79
Buoy-KDR-01,2026-01-12T00:00:00Z,153.5,5.62
Buoy-KDR-01,2026-01-12T01:00:00Z,113.8,7.42
Buoy-KDR-01,2026-01-12T02:00:00Z,147.2,2.68
Buoy-KDR-01,2026-01-12T03:00:00Z,109.2,11.75
Buoy-KDR-01,2026-01-12T04:00:00Z,160.9,2.93
Buoy-KDR-01,2026-01-12T05:00:00Z,170.0,3.98
Buoy-KDR-01,2026-01-12T06:00:00Z,125.1,4.92
Buoy-KDR-01,2026-01-12T07:00:00Z,155.4,2.32
Buoy-KDR-01,2026-01-12T08:00:00Z,190.7,4.97
Buoy-KDR-01,2026-01-12T09:00:00Z,150.7,3.14
Buoy-KDR-01,2026-01-12T10:00:00Z,177.3,3.72
Buoy-KDR-01,2026-01-12T11:00:00Z,180.8,4.25
Buoy-KDR-01,2026-01-12T12:00:00Z,46.1,6.48
Buoy-KDR-01,2026-01-12T13:00:00Z,96.8,5.09
Buoy-KDR-01,2026-01-12T14:00:00Z,128.7,4.64
Buoy-KDR-01,2026-01-12T15:00:00Z,44.4,2.89
Buoy-KDR-01,2026-01-12T16:00:00Z,152.6,4.61
Buoy-KDR-01,2026-01-12T17:00:00Z,176.6,3.11
Buoy-KDR-01,2026-01-12T18:00:00Z,79.5,5.07
Buoy-KDR-01,2026-01-12T19:00:00Z,141.6,1.2
Buoy-KDR-01,2026-01-12T20:00:00Z,128.2,7.17
Buoy-KDR-01,2026-01-12T21:00:00Z,134.2,1.45
Buoy-KDR-01,2026-01-12T22:00:00Z,97.7,6.46
Buoy-KDR-01,2026-01-12T23:00:00Z,108.9,0.98
Buoy-KDR-01,2026-01-13T00:00:00Z,64.0,2.65
Buoy-KDR-01,2026-01-13T01:00:00Z,161.3,4.11
Buoy-KDR-01,2026-01-13T02:00:00Z,169.1,1.94
Buoy-KDR-01,2026-01-13T03:00:00Z,313.5,4.42
Buoy-KDR-01,2026-01-13T04:00:00Z,151.6,3.54
Buoy-KDR-01,2026-01-13T05:00:00Z,124.9,2.44
Buoy-KDR-01,2026-01-13T06:00:00Z,289.7,6.85
Buoy-KDR-01,2026-01-13T07:00:00Z,155.7,2.93
Buoy-KDR-01,2026-01-13T08:00:00Z,166.6,4.54
Buoy-KDR-01,2026-01-13T09:00:00Z,135.0,2.12
Buoy-KDR-01,2026-01-13T10:00:00Z,202.6,3.66
Buoy-KDR-01,2026-01-13T11:00:00Z,93.8,9.98
Buoy-KDR-01,2026-01-13T12:00:00Z,115.0,8.79
Buoy-KDR-01,2026-01-13T13:00:00Z,128.1,4.84
Buoy-KDR-01,2026-01-13T14:00:00Z,179.7,1.01
Buoy-KDR-01,2026-01-13T15:00:00Z,59.2,2.61
Buoy-KDR-01,2026-01-13T16:00:00Z,136.6,4.35
Buoy-KDR-01,2026-01-13T17:00:00Z,103.1,4.79
Buoy-KDR-01,2026-01-13T18:00:00Z,98.1,4.67
Buoy-KDR-01,2026-01-13T19:00:00Z,82.6,4.59
Buoy-KDR-01,2026-01-13T20:00:00Z,80.4,3.43
Buoy-KDR-01,2026-01-13T21:00:00Z,133.3,2.66
Buoy-KDR-01,2026-01-13T22:00:00Z,119.9,1.98
Buoy-KDR-01,2026-01-13T23:00:00Z,44.5,3.91
Buoy-KDR-01,2026-01-14T00:00:00Z,112.1,5.99
Buoy-KDR-01,2026-01-14T01:00:00Z,153.2,5.77
Buoy-KDR-01,2026-01-14T02:00:00Z,99.2,2.89
Buoy-KDR-01,2026-01-14T03:00:00Z,153.8,8.29
Buoy-KDR-01,2026-01-14T04:00:00Z,130.5,5.11
Buoy-KDR-01,2026-01-14T05:00:00Z,196.9,3.04
Buoy-KDR-01,2026-01-14T06:00:00Z,122.1,0.53
Buoy-KDR-01,2026-01-14T07:00:00Z,84.8,4.75
Buoy-KDR-01,2026-01-14T08:00:00Z,149.7,5.92
Buoy-KDR-01,2026-01-14T09:00:00Z,154.9,0.72
Buoy-KDR-01,2026-01-14T10:00:00Z,151.1,4.09
Buoy-KDR-01,2026-01-14T11:00:00Z,137.3,5.93
Buoy-KDR-01,2026-01-14T12:00:00Z,147.4,2.7
Buoy-KDR-01,2026-01-14T13:00:00Z,189.0,2.71
Buoy-KDR-01,2026-01-14T14:00:00Z,200.1,1.44
Buoy-KDR-01,2026-01-14T15:00:00Z,160.3,4.74
Buoy-KDR-01,2026-01-14T16:00:00Z,164.0,7.69
Buoy-KDR-01,2026-01-14T17:00:00Z,134.0,3.29
Buoy-KDR-01,2026-01-14T18:00:00Z,114.7,3.69
Buoy-KDR-01,2026-01-14T19:00:00Z,143.6,3.06
Buoy-KDR-01,2026-01-14T20:00:00Z,132.3,7.8
Buoy-KDR-01,2026-01-14T21:00:00Z,178.2,3.99
Buoy-KDR-01,2026-01-14T22:00:00Z,166.1,3.0
Buoy-KDR-01,2026-01-14T23:00:00Z,141.6,6.18
Buoy-KDR-01,2026-01-15T00:00:00Z,151.6,4.69
Buoy-KDR-01,2026-01-15T01:00:00Z,129.0,5.59
Buoy-KDR-01,2026-01-15T02:00:00Z,130.8,1.65
Buoy-KDR-01,2026-01-15T03:00:00Z,189.1,2.17
Buoy-KDR-01,2026-01-15T04:00:00Z,159.9,6.42
Buoy-KDR-01,2026-01-15T05:00:00Z,180.1,0.24
Buoy-KDR-01,2026-01-15T06:00:00Z,195.1,1.78
Buoy-KDR-01,2026-01-15T07:00:00Z,134.9,4.68
Buoy-KDR-01,2026-01-15T08:00:00Z,5.3,5.62
Buoy-KDR-01,2026-01-15T09:00:00Z,156.7,2.81
Buoy-KDR-01,2026-01-15T10:00:00Z,189.5,3.89
Buoy-KDR-01,2026-01-15T11:00:00Z,153.6,3.62
Buoy-KDR-01,2026-01-15T12:00:00Z,118.2,3.77
Buoy-KDR-01,2026-01-15T13:00:00Z,133.6,0.95
Buoy-KDR-01,2026-01-15T14:00:00Z,163.5,3.52
Buoy-KDR-01,2026-01-15T15:00:00Z,103.5,1.13
Buoy-KDR-01,2026-01-15T16:00:00Z,91.6,3.69
Buoy-KDR-01,2026-01-15T17:00:00Z,165.9,1.24
Buoy-KDR-01,2026-01-15T18:00:00Z,125.0,2.55
Buoy-KDR-01,2026-01-15T19:00:00Z,126.9,4.01
Buoy-KDR-01,2026-01-15T20:00:00Z,178.0,3.5
Buoy-KDR-01,2026-01-15T21:00:00Z,133.5,1.45
Buoy-KDR-01,2026-01-15T22:00:00Z,165.6,5.45
Buoy-KDR-01,2026-01-15T23:00:00Z,94.4,2.21
Buoy-KDR-01,2026-01-16T00:00:00Z,139.3,3.5
Buoy-KDR-01,2026-01-16T01:00:00Z,166.6,1.42
Buoy-KDR-01,2026-01-16T02:00:00Z,117.8,1.83
Buoy-KDR-01,2026-01-16T03:00:00Z,105.8,1.19
Buoy-KDR-01,2026-01-16T04:00:00Z,148.1,5.21
Buoy-KDR-01,2026-01-16T05:00:00Z,143.7,4.06
Buoy-KDR-01,2026-01-16T06:00:00Z,106.0,1.62
Buoy-KDR-01,2026-01-16T07:00:00Z,123.2,4.71
Buoy-KDR-01,2026-01-16T08:00:00Z,172.8,8.36
Buoy-KDR-01,2026-01-16T09:00:00Z,93.8,2.96
Buoy-KDR-01,2026-01-16T10:00:00Z,146.9,2.27
Buoy-KDR-01,2026-01-16T11:00:00Z,184.8,6.15
Buoy-KDR-01,2026-01-16T12:00:00Z,138.6,5.77
Buoy-KDR-01,2026-01-16T13:00:00Z,89.4,8.62
Buoy-KDR-01,2026-01-16T14:00:00Z,97.0,0.73
Buoy-KDR-01,2026-01-16T15:00:00Z,102.1,5.98
Buoy-KDR-01,2026-01-16T16:00:00Z,158.1,2.74
Buoy-KDR-01,2026-01-16T17:00:00Z,184.4,0.35
Buoy-KDR-01,2026-01-16T18:00:00Z,102.6,1.76
Buoy-KDR-01,2026-01-16T19:00:00Z,120.7,0.79
Buoy-KDR-01,2026-01-16T20:00:00Z,142.9,2.91
Buoy-KDR-01,2026-01-16T21:00:00Z,170.6,5.09
Buoy-KDR-01,2026-01-16T22:00:00Z,121.6,1.05
Buoy-KDR-01,2026-01-16T23:00:00Z,128.9,4.41
Buoy-KDR-01,2026-01-17T00:00:00Z,127.9,3.67
Buoy-KDR-01,2026-01-17T01:00:00Z,186.1,2.54
Buoy-KDR-01,2026-01-17T02:00:00Z,163.0,2.6
Buoy-KDR-01,2026-01-17T03:00:00Z,159.3,3.67
Buoy-KDR-01,2026-01-17T04:00:00Z,168.7,4.3
Buoy-KDR-01,2026-01-17T05:00:00Z,108.5,2.19
Buoy-KDR-01,2026-01-17T06:00:00Z,144.9,2.44
Buoy-KDR-01,2026-01-17T07:00:00Z,193.0,1.98
Buoy-KDR-01,2026-01-17T08:00:00Z,137.8,4.96
Buoy-KDR-01,2026-01-17T09:00:00Z,166.7,1.23
Buoy-KDR-01,2026-01-17T10:00:00Z,80.1,0.94
Buoy-KDR-01,2026-01-17T11:00:00Z,331.6,6.33
Buoy-KDR-01,2026-01-17T12:00:00Z,85.7,3.31
Buoy-KDR-01,2026-01-17T13:00:00Z,110.5,0.65
Buoy-KDR-01,2026-01-17T14:00:00Z,150.4,6.01
Buoy-KDR-01,2026-01-17T15:00:00Z,88.9,1.37
Buoy-KDR-01,2026-01-17T16:00:00Z,137.0,3.88
Buoy-KDR-01,2026-01-17T17:00:00Z,181.6,2.74
Buoy-KDR-01,2026-01-17T18:00:00Z,124.4,3.8
Buoy-KDR-01,2026-01-17T19:00:00Z,153.4,3.8
Buoy-KDR-01,2026-01-17T20:00:00Z,102.0,5.88
Buoy-KDR-01,2026-01-17T21:00:00Z,180.8,2.34
Buoy-KDR-01,2026-01-17T22:00:00Z,150.5,5.38
Buoy-KDR-01,2026-01-17T23:00:00Z,180.0,1.99
Buoy-KDR-01,2026-01-18T00:00:00Z,76.4,5.37
Buoy-KDR-01,2026-01-18T01:00:00Z,137.2,7.23
Buoy-KDR-01,2026-01-18T02:00:00Z,102.7,6.36
Buoy-KDR-01,2026-01-18T03:00:00Z,98.2,1.82
Buoy-KDR-01,2026-01-18T04:00:00Z,159.2,2.7
Buoy-KDR-01,2026-01-18T05:00:00Z,174.1,2.74
Buoy-KDR-01,2026-01-18T06:00:00Z,149.4,1.09
Buoy-KDR-01,2026-01-18T07:00:00Z,197.0,6.26
Buoy-KDR-01,2026-01-18T08:00:00Z,167.4,3.78
Buoy-KDR-01,2026-01-18T09:00:00Z,76.6,6.77
Buoy-KDR-01,2026-01-18T10:00:00Z,114.2,5.8
Buoy-KDR-01,2026-01-18T11:00:00Z,117.7,1.82
Buoy-KDR-01,2026-01-18T12:00:00Z,37.3,6.82
Buoy-KDR-01,2026-01-18T13:00:00Z,170.8,5.04
Buoy-KDR-01,2026-01-18T14:00:00Z,147.3,3.41
Buoy-KDR-01,2026-01-18T15:00:00Z,158.3,3.87
Buoy-KDR-01,2026-01-18T16:00:00Z,115.1,3.26
Buoy-KDR-01,2026-01-18T17:00:00Z,155.5,4.3
Buoy-KDR-01,2026-01-18T18:00:00Z,127.2,1.42
Buoy-KDR-01,2026-01-18T19:00:00Z,124.7,2.6
Buoy-KDR-01,2026-01-18T20:00:00Z,92.8,6.47
Buoy-KDR-01,2026-01-18T21:00:00Z,71.6,4.21
Buoy-KDR-01,2026-01-18T22:00:00Z,81.2,4.93
Buoy-KDR-01,2026-01-18T23:00:00Z,209.3,4.28
Buoy-KDR-01,2026-01-19T00:00:00Z,122.6,5.64
Buoy-KDR-01,2026-01-19T01:00:00Z,166.7,4.74
Buoy-KDR-01,2026-01-19T02:00:00Z,131.2,3.89
Buoy-KDR-01,2026-01-19T03:00:00Z,81.9,3.34
Buoy-KDR-01,2026-01-19T04:00:00Z,120.7,2.21
Buoy-KDR-01,2026-01-19T05:00:00Z,151.8,3.67
Buoy-KDR-01,2026-01-19T06:00:00Z,144.1,6.14
Buoy-KDR-01,2026-01-19T07:00:00Z,145.7,5.46
Buoy-KDR-01,2026-01-19T08:00:00Z,142.2,2.88
Buoy-KDR-01,2026-01-19T09:00:00Z,128.5,1.69
Buoy-KDR-01,2026-01-19T10:00:00Z,169.6,5.46
Buoy-KDR-01,2026-01-19T11:00:00Z,191.3,1.91
Buoy-KDR-01,2026-01-19T12:00:00Z,90.5,2.34
Buoy-KDR-01,2026-01-19T13:00:00Z,162.9,2.61
Buoy-KDR-01,2026-01-19T14:00:00Z,94.0,2.74
Buoy-KDR-01,2026-01-19T15:00:00Z,148.6,3.58
Buoy-KDR-01,2026-01-19T16:00:00Z,77.7,9.18
Buoy-KDR-01,2026-01-19T17:00:00Z,197.6,2.59
Buoy-KDR-01,2026-01-19T18:00:00Z,45.2,5.86
Buoy-KDR-01,2026-01-19T19:00:00Z,119.4,1.74
Buoy-KDR-01,2026-01-19T20:00:00Z,90.0,4.05
Buoy-KDR-01,2026-01-19T21:00:00Z,79.8,6.15
Buoy-KDR-01,2026-01-19T22:00:00Z,122.0,2.54
Buoy-KDR-01,2026-01-19T23:00:00Z,193.0,1.8
Buoy-KDR-01,2026-01-20T00:00:00Z,158.4,3.49
Buoy-KDR-01,2026-01-20T01:00:00Z,126.8,0.74
Buoy-KDR-01,2026-01-20T02:00:00Z,180.7,2.33
Buoy-KDR-01,2026-01-20T03:00:00Z,129.1,7.35
Buoy-KDR-01,2026-01-20T04:00:00Z,140.9,4.61
Buoy-KDR-01,2026-01-20T05:00:00Z,153.7,5.99
Buoy-KDR-01,2026-01-20T06:00:00Z,156.9,1.74
Buoy-KDR-01,2026-01-20T07:00:00Z,131.6,1.29
Buoy-KDR-01,2026-01-20T08:00:00Z,136.1,6.04
Buoy-KDR-01,2026-01-20T09:00:00Z,128.9,1.54
Buoy-KDR-01,2026-01-20T10:00:00Z,92.6,2.69
Buoy-KDR-01,2026-01-20T11:00:00Z,151.1,5.66
Buoy-KDR-01,2026-01-20T12:00:00Z,193.3,4.29
Buoy-KDR-01,2026-01-20T13:00:00Z,185.5,2.37
Buoy-KDR-01,2026-01-20T14:00:00Z,183.7,3.37
Buoy-KDR-01,2026-01-20T15:00:00Z,137.2,4.7
Buoy-KDR-01,2026-01-20T16:00:00Z,171.3,8.63
Buoy-KDR-01,2026-01-20T17:00:00Z,189.4,3.79
Buoy-KDR-01,2026-01-20T18:00:00Z,102.2,3.59
Buoy-KDR-01,2026-01-20T19:00:00Z,123.4,8.96
Buoy-KDR-01,2026-01-20T20:00:00Z,196.4,2.93
Buoy-KDR-01,2026-01-20T21:00:00Z,141.3,4.48
Buoy-KDR-01,2026-01-20T22:00:00Z,132.1,0.96
Buoy-KDR-01,2026-01-20T23:00:00Z,103.7,5.83
Buoy-KDR-01,2026-01-21T00:00:00Z,142.1,4.91
Buoy-KDR-01,2026-01-21T01:00:00Z,96.5,5.81
Buoy-KDR-01,2026-01-21T02:00:00Z,279.4,3.52
Buoy-KDR-01,2026-01-21T03:00:00Z,157.5,0.93
Buoy-KDR-01,2026-01-21T04:00:00Z,141.3,3.83
Buoy-KDR-01,2026-01-21T05:00:00Z,109.2,5.32
Buoy-KDR-01,2026-01-21T06:00:00Z,127.9,2.99
Buoy-KDR-01,2026-01-21T07:00:00Z,155.9,1.64
Buoy-KDR-01,2026-01-21T08:00:00Z,111.5,6.68
Buoy-KDR-01,2026-01-21T09:00:00Z,162.3,8.58
Buoy-KDR-01,2026-01-21T10:00:00Z,113.7,3.73
Buoy-KDR-01,2026-01-21T11:00:00Z,72.6,5.13
Buoy-KDR-01,2026-01-21T12:00:00Z,216.9,5.92
Buoy-KDR-01,2026-01-21T13:00:00Z,127.4,2.8
Buoy-KDR-01,2026-01-21T14:00:00Z,119.1,4.32
Buoy-KDR-01,2026-01-21T15:00:00Z,109.6,4.87
Buoy-KDR-01,2026-01-21T16:00:00Z,203.2,2.97
Buoy-KDR-01,2026-01-21T17:00:00Z,153.6,2.55
Buoy-KDR-01,2026-01-21T18:00:00Z,148.1,4.53
Buoy-KDR-01,2026-01-21T19:00:00Z,130.6,5.72
Buoy-KDR-01,2026-01-21T20:00:00Z,153.6,4.35
Buoy-KDR-01,2026-01-21T21:00:00Z,129.3,0.85
Buoy-KDR-01,2026-01-21T22:00:00Z,280.3,3.04
Buoy-KDR-01,2026-01-21T23:00:00Z,91.5,4.8
Buoy-KDR-01,2026-01-22T00:00:00Z,115.4,3.07
Buoy-KDR-01,2026-01-22T01:00:00Z,96.6,3.21
Buoy-KDR-01,2026-01-22T02:00:00Z,115.7,2.41
Buoy-KDR-01,2026-01-22T03:00:00Z,131.3,3.15
Buoy-KDR-01,2026-01-22T04:00:00Z,94.0,2.48
Buoy-KDR-01,2026-01-22T05:00:00Z,24.3,2.61
Buoy-KDR-01,2026-01-22T06:00:00Z,173.9,3.7
Buoy-KDR-01,2026-01-22T07:00:00Z,158.1,6.81
Buoy-KDR-01,2026-01-22T08:00:00Z,104.3,1.36
Buoy-KDR-01,2026-01-22T09:00:00Z,152.3,2.94
Buoy-KDR-01,2026-01-22T10:00:00Z,195.2,6.7
Buoy-KDR-01,2026-01-22T11:00:00Z,109.7,5.02
Buoy-KDR-01,2026-01-22T12:00:00Z,94.7,3.79
Buoy-KDR-01,2026-01-22T13:00:00Z,87.7,2.13
Buoy-KDR-01,2026-01-22T14:00:00Z,137.0,4.04
Buoy-KDR-01,2026-01-22T15:00:00Z,127.2,5.74
Buoy-KDR-01,2026-01-22T16:00:00Z,123.7,2.74
Buoy-KDR-01,2026-01-22T17:00:00Z,125.4,5.07
Buoy-KDR-01,2026-01-22T18:00:00Z,142.8,1.25
Buoy-KDR-01,2026-01-22T19:00:00Z,70.3,4.56
Buoy-KDR-01,2026-01-22T20:00:00Z,121.3,6.53
Buoy-KDR-01,2026-01-22T21:00:00Z,105.9,4.55
Buoy-KDR-01,2026-01-22T22:00:00Z,171.4,6.99
Buoy-KDR-01,2026-01-22T23:00:00Z,44.7,1.83
Buoy-KDR-01,2026-01-23T00:00:00Z,127.2,2.81
Buoy-KDR-01,2026-01-23T01:00:00Z,87.8,6.75
Buoy-KDR-01,2026-01-23T02:00:00Z,203.5,2.42
Buoy-KDR-01,2026-01-23T03:00:00Z,117.8,2.7
Buoy-KDR-01,2026-01-23T04:00:00Z,129.3,3.76
Buoy-KDR-01,2026-01-23T05:00:00Z,153.9,4.67
Buoy-KDR-01,2026-01-23T06:00:00Z,127.7,4.34
Buoy-KDR-01,2026-01-23T07:00:00Z,74.8,0.76
Buoy-KDR-01,2026-01-23T08:00:00Z,230.9,4.17
Buoy-KDR-01,2026-01-23T09:00:00Z,109.6,5.43
Buoy-KDR-01,2026-01-23T10:00:00Z,108.6,4.47
Buoy-KDR-01,2026-01-23T11:00:00Z,103.5,7.97
Buoy-KDR-01,2026-01-23T12:00:00Z,152.9,2.67
Buoy-KDR-01,2026-01-23T13:00:00Z,21.6,3.42
Buoy-KDR-01,2026-01-23T14:00:00Z,84.9,2.15
Buoy-KDR-01,2026-01-23T15:00:00Z,113.7,5.18
Buoy-KDR-01,2026-01-23T16:00:00Z,186.5,8.66
Buoy-KDR-01,2026-01-23T17:00:00Z,104.1,2.79
Buoy-KDR-01,2026-01-23T18:00:00Z,167.7,2.51
Buoy-KDR-01,2026-01-23T19:00:00Z,158.8,3.13
Buoy-KDR-01,2026-01-23T20:00:00Z,151.6,2.4
Buoy-KDR-01,2026-01-23T21:00:00Z,151.8,4.18
Buoy-KDR-01,2026-01-23T22:00:00Z,161.3,5.4
Buoy-KDR-01,2026-01-23T23:00:00Z,94.0,2.73
Buoy-KDR-01,2026-01-24T00:00:00Z,340.3,3.78
Buoy-KDR-01,2026-01-24T01:00:00Z,131.2,2.21
Buoy-KDR-01,2026-01-24T02:00:00Z,173.9,6.58
Buoy-KDR-01,2026-01-24T03:00:00Z,147.8,3.59
Buoy-KDR-01,2026-01-24T04:00:00Z,156.3,6.58
Buoy-KDR-01,2026-01-24T05:00:00Z,104.6,5.41
Buoy-KDR-01,2026-01-24T06:00:00Z,98.1,2.09
Buoy-KDR-01,2026-01-24T07:00:00Z,161.6,1.24
Buoy-KDR-01,2026-01-24T08:00:00Z,137.6,9.57
Buoy-KDR-01,2026-01-24T09:00:00Z,106.8,1.6
Buoy-KDR-01,2026-01-24T10:00:00Z,86.0,2.9
Buoy-KDR-01,2026-01-24T11:00:00Z,173.5,5.34
Buoy-KDR-01,2026-01-24T12:00:00Z,93.9,0.97
Buoy-KDR-01,2026-01-24T13:00:00Z,132.6,2.86
Buoy-KDR-01,2026-01-24T14:00:00Z,88.9,3.83
Buoy-KDR-01,2026-01-24T15:00:00Z,147.8,4.38
Buoy-KDR-01,2026-01-24T16:00:00Z,192.3,2.68
Buoy-KDR-01,2026-01-24T17:00:00Z,131.6,5.97
Buoy-KDR-01,2026-01-24T18:00:00Z,127.4,5.85
Buoy-KDR-01,2026-01-24T19:00:00Z,106.4,4.76
Buoy-KDR-01,2026-01-24T20:00:00Z,81.0,5.12
Buoy-KDR-01,2026-01-24T21:00:00Z,103.6,0.74
Buoy-KDR-01,2026-01-24T22:00:00Z,194.9,5.51
Buoy-KDR-01,2026-01-24T23:00:00Z,122.4,5.09
Buoy-KDR-01,2026-01-25T00:00:00Z,158.6,4.42
Buoy-KDR-01,2026-01-25T01:00:00Z,178.3,1.8
Buoy-KDR-01,2026-01-25T02:00:00Z,218.5,1.54
Buoy-KDR-01,2026-01-25T03:00:00Z,112.9,1.82
Buoy-KDR-01,2026-01-25T04:00:00Z,151.8,3.27
Buoy-KDR-01,2026-01-25T05:00:00Z,197.4,5.19
Buoy-KDR-01,2026-01-25T06:00:00Z,49.7,2.17
Buoy-KDR-01,2026-01-25T07:00:00Z,101.0,4.69
Buoy-KDR-01,2026-01-25T08:00:00Z,126.6,7.02
Buoy-KDR-01,2026-01-25T09:00:00Z,154.9,2.98
Buoy-KDR-01,2026-01-25T10:00:00Z,125.9,4.89
Buoy-KDR-01,2026-01-25T11:00:00Z,85.6,2.08
Buoy-KDR-01,2026-01-25T12:00:00Z,111.7,8.55
Buoy-KDR-01,2026-01-25T13:00:00Z,126.1,2.63
Buoy-KDR-01,2026-01-25T14:00:00Z,126.5,2.95
Buoy-KDR-01,2026-01-25T15:00:00Z,105.6,5.67
Buoy-KDR-01,2026-01-25T16:00:00Z,172.9,3.11
Buoy-KDR-01,2026-01-25T17:00:00Z,171.5,5.88
Buoy-KDR-01,2026-01-25T18:00:00Z,144.8,2.62
Buoy-KDR-01,2026-01-25T19:00:00Z,107.7,2.93
Buoy-KDR-01,2026-01-25T20:00:00Z,133.4,2.14
Buoy-KDR-01,2026-01-25T21:00:00Z,174.9,7.4
Buoy-KDR-01,2026-01-25T22:00:00Z,166.5,4.23
Buoy-KDR-01,2026-01-25T23:00:00Z,171.8,4.74
Buoy-KDR-01,2026-01-26T00:00:00Z,127.6,3.29
Buoy-KDR-01,2026-01-26T01:00:00Z,126.2,1.46
Buoy-KDR-01,2026-01-26T02:00:00Z,179.2,7.32
Buoy-KDR-01,2026-01-26T03:00:00Z,136.4,7.44
Buoy-KDR-01,2026-01-26T04:00:00Z,111.9,8.2
Buoy-KDR-01,2026-01-26T05:00:00Z,138.3,4.59
Buoy-KDR-01,2026-01-26T06:00:00Z,173.7,3.94
Buoy-KDR-01,2026-01-26T07:00:00Z,159.4,7.48
Buoy-KDR-01,2026-01-26T08:00:00Z,167.8,1.98
Buoy-KDR-01,2026-01-26T09:00:00Z,199.5,10.9
Buoy-KDR-01,2026-01-26T10:00:00Z,52.8,8.14
Buoy-KDR-01,2026-01-26T11:00:00Z,137.4,6.51
Buoy-KDR-01,2026-01-26T12:00:00Z,204.5,1.52
Buoy-KDR-01,2026-01-26T13:00:00Z,112.3,3.98
Buoy-KDR-01,2026-01-26T14:00:00Z,237.7,7.52
Buoy-KDR-01,2026-01-26T15:00:00Z,112.6,1.56
Buoy-KDR-01,2026-01-26T16:00:00Z,139.6,3.53
Buoy-KDR-01,2026-01-26T17:00:00Z,157.3,5.63
Buoy-KDR-01,2026-01-26T18:00:00Z,187.6,5.35
Buoy-KDR-01,2026-01-26T19:00:00Z,181.2,5.96
Buoy-KDR-01,2026-01-26T20:00:00Z,76.4,1.36
Buoy-KDR-01,2026-01-26T21:00:00Z,142.7,2.81
Buoy-KDR-01,2026-01-26T22:00:00Z,152.7,2.47
Buoy-KDR-01,2026-01-26T23:00:00Z,137.1,2.7
Buoy-KDR-01,2026-01-27T00:00:00Z,48.2,0.48
Buoy-KDR-01,2026-01-27T01:00:00Z,130.6,1.6
Buoy-KDR-01,2026-01-27T02:00:00Z,123.3,3.24
Buoy-KDR-01,2026-01-27T03:00:00Z,178.2,2.75
Buoy-KDR-01,2026-01-27T04:00:00Z,101.6,7.08
Buoy-KDR-01,2026-01-27T05:00:00Z,116.5,1.7
Buoy-KDR-01,2026-01-27T06:00:00Z,118.8,5.28
Buoy-KDR-01,2026-01-27T07:00:00Z,96.9,3.59
Buoy-KDR-01,2026-01-27T08:00:00Z,157.3,4.7
Buoy-KDR-01,2026-01-27T09:00:00Z,135.9,6.47
Buoy-KDR-01,2026-01-27T10:00:00Z,193.7,3.46
Buoy-KDR-01,2026-01-27T11:00:00Z,174.8,1.14
Buoy-KDR-01,2026-01-27T12:00:00Z,156.3,3.78
Buoy-KDR-01,2026-01-27T13:00:00Z,153.4,3.86
Buoy-KDR-01,2026-01-27T14:00:00Z,160.2,2.16
Buoy-KDR-01,2026-01-27T15:00:00Z,170.2,5.79
Buoy-KDR-01,2026-01-27T16:00:00Z,157.6,3.82
Buoy-KDR-01,2026-01-27T17:00:00Z,171.5,5.77
Buoy-KDR-01,2026-01-27T18:00:00Z,148.8,3.19
Buoy-KDR-01,2026-01-27T19:00:00Z,133.8,0.97
Buoy-KDR-01,2026-01-27T20:00:00Z,89.0,1.16
Buoy-KDR-01,2026-01-27T21:00:00Z,147.1,7.41
Buoy-KDR-01,2026-01-27T22:00:00Z,147.2,5.45
Buoy-KDR-01,2026-01-27T23:00:00Z,129.7,8.81
Buoy-KDR-01,2026-01-28T00:00:00Z,38.5,3.12
Buoy-KDR-01,2026-01-28T01:00:00Z,187.8,6.93
Buoy-KDR-01,2026-01-28T02:00:00Z,113.9,3.96
Buoy-KDR-01,2026-01-28T03:00:00Z,88.0,2.94
Buoy-KDR-01,2026-01-28T04:00:00Z,93.2,5.13
Buoy-KDR-01,2026-01-28T05:00:00Z,125.0,0.27
Buoy-KDR-01,2026-01-28T06:00:00Z,107.4,4.76
Buoy-KDR-01,2026-01-28T07:00:00Z,71.1,2.4
Buoy-KDR-01,2026-01-28T08:00:00Z,122.0,2.56
Buoy-KDR-01,2026-01-28T09:00:00Z,132.3,5.79
Buoy-KDR-01,2026-01-28T10:00:00Z,118.1,5.42
Buoy-KDR-01,2026-01-28T11:00:00Z,158.7,1.47
Buoy-KDR-01,2026-01-28T12:00:00Z,215.2,4.96
Buoy-KDR-01,2026-01-28T13:00:00Z,266.6,3.23
Buoy-KDR-01,2026-01-28T14:00:00Z,137.3,2.23
Buoy-KDR-01,2026-01-28T15:00:00Z,173.9,2.63
Buoy-KDR-01,2026-01-28T16:00:00Z,149.4,5.16
Buoy-KDR-01,2026-01-28T17:00:00Z,92.3,2.8
Buoy-KDR-01,2026-01-28T18:00:00Z,104.8,1.77
Buoy-KDR-01,2026-01-28T19:00:00Z,140.4,1.13
Buoy-KDR-01,2026-01-28T20:00:00Z,164.1,6.55
Buoy-KDR-01,2026-01-28T21:00:00Z,109.0,3.72
Buoy-KDR-01,2026-01-28T22:00:00Z,108.7,7.58
Buoy-KDR-01,2026-01-28T23:00:00Z,141.8,3.3
Buoy-KDR-01,2026-01-29T00:00:00Z,105.1,3.09
Buoy-KDR-01,2026-01-29T01:00:00Z,67.8,2.69
Buoy-KDR-01,2026-01-29T02:00:00Z,146.3,5.76
Buoy-KDR-01,2026-01-29T03:00:00Z,50.2,4.06
Buoy-KDR-01,2026-01-29T04:00:00Z,100.0,2.37
Buoy-KDR-01,2026-01-29T05:00:00Z,87.2,6.17
Buoy-KDR-01,2026-01-29T06:00:00Z,72.0,5.11
Buoy-KDR-01,2026-01-29T07:00:00Z,128.9,4.32
Buoy-KDR-01,2026-01-29T08:00:00Z,187.0,2.05
Buoy-KDR-01,2026-01-29T09:00:00Z,127.8,3.64
Buoy-KDR-01,2026-01-29T10:00:00Z,90.8,2.86
Buoy-KDR-01,2026-01-29T11:00:00Z,217.0,8.14
Buoy-KDR-01,2026-01-29T12:00:00Z,142.9,12.53
Buoy-KDR-01,2026-01-29T13:00:00Z,137.2,2.15
Buoy-KDR-01,2026-01-29T14:00:00Z,182.6,4.03
Buoy-KDR-01,2026-01-29T15:00:00Z,103.4,3.0
Buoy-KDR-01,2026-01-29T16:00:00Z,164.5,3.82
Buoy-KDR-01,2026-01-29T17:00:00Z,215.4,3.58
Buoy-KDR-01,2026-01-29T18:00:00Z,192.3,7.05
Buoy-KDR-01,2026-01-29T19:00:00Z,96.4,2.25
Buoy-KDR-01,2026-01-29T20:00:00Z,158.2,2.47
Buoy-KDR-01,2026-01-29T21:00:00Z,103.0,1.83
Buoy-KDR-01,2026-01-29T22:00:00Z,117.6,3.11
Buoy-KDR-01,2026-01-29T23:00:00Z,84.0,4.84
Buoy-KDR-01,2026-01-30T00:00:00Z,135.2,5.91
Buoy-KDR-01,2026-01-30T01:00:00Z,109.4,1.93
Buoy-KDR-01,2026-01-30T02:00:00Z,103.4,1.94
Buoy-KDR-01,2026-01-30T03:00:00Z,57.1,3.98
Buoy-KDR-01,2026-01-30T04:00:00Z,140.7,1.11
Buoy-KDR-01,2026-01-30T05:00:00Z,304.8,7.67
Buoy-KDR-01,2026-01-30T06:00:00Z,138.2,6.12
Buoy-KDR-01,2026-01-30T07:00:00Z,99.1,4.99
Buoy-KDR-01,2026-01-30T08:00:00Z,182.1,3.08
Buoy-KDR-01,2026-01-30T09:00:00Z,110.8,3.66
Buoy-KDR-01,2026-01-30T10:00:00Z,93.0,0.37
Buoy-KDR-01,2026-01-30T11:00:00Z,177.9,2.55
Buoy-KDR-01,2026-01-30T12:00:00Z,138.2,0.59
Buoy-KDR-01,2026-01-30T13:00:00Z,105.9,6.98
Buoy-KDR-01,2026-01-30T14:00:00Z,78.7,1.43
Buoy-KDR-01,2026-01-30T15:00:00Z,150.3,5.85
Buoy-KDR-01,2026-01-30T16:00:00Z,175.0,3.2
Buoy-KDR-01,2026-01-30T17:00:00Z,97.5,9.68
Buoy-KDR-01,2026-01-30T18:00:00Z,160.1,4.83
Buoy-KDR-01,2026-01-30T19:00:00Z,95.7,5.37
Buoy-KDR-01,2026-01-30T20:00:00Z,78.1,3.11
Buoy-KDR-01,2026-01-30T21:00:00Z,139.5,1.95
Buoy-KDR-01,2026-01-30T22:00:00Z,136.7,3.39
Buoy-KDR-01,2026-01-30T23:00:00Z,71.7,1.42
Buoy-KDR-01,2026-01-31T00:00:00Z,107.2,0.94
Buoy-KDR-01,2026-01-31T01:00:00Z,184.5,3.61
Buoy-KDR-01,2026-01-31T02:00:00Z,26.8,7.25
Buoy-KDR-01,2026-01-31T03:00:00Z,81.1,4.1
Buoy-KDR-01,2026-01-31T04:00:00Z,334.4,2.77
Buoy-KDR-01,2026-01-31T05:00:00Z,85.1,5.03
Buoy-KDR-01,2026-01-31T06:00:00Z,104.6,1.27
Buoy-KDR-01,2026-01-31T07:00:00Z,139.0,3.16
Buoy-KDR-01,2026-01-31T08:00:00Z,201.3,2.86
Buoy-KDR-01,2026-01-31T09:00:00Z,201.7,5.11
Buoy-KDR-01,2026-01-31T10:00:00Z,215.6,8.61
Buoy-KDR-01,2026-01-31T11:00:00Z,157.4,6.08
Buoy-KDR-01,2026-01-31T12:00:00Z,145.4,3.2
Buoy-KDR-01,2026-01-31T13:00:00Z,48.5,0.78
Buoy-KDR-01,2026-01-31T14:00:00Z,175.6,2.98
Buoy-KDR-01,2026-01-31T15:00:00Z,133.1,3.38
Buoy-KDR-01,2026-01-31T16:00:00Z,127.1,4.42
Buoy-KDR-01,2026-01-31T17:00:00Z,122.5,5.03
Buoy-KDR-01,2026-01-31T18:00:00Z,166.2,4.51
Buoy-KDR-01,2026-01-31T19:00:00Z,180.5,2.78
Buoy-KDR-01,2026-01-31T20:00:00Z,165.0,3.01
Buoy-KDR-01,2026-01-31T21:00:00Z,136.0,1.7
Buoy-KDR-01,2026-01-31T22:00:00Z,92.8,3.26
Buoy-KDR-01,2026-01-31T23:00:00Z,127.4,1.41
Buoy-KDR-01,2026-02-01T00:00:00Z,149.1,2.82
Buoy-KDR-01,2026-02-01T01:00:00Z,126.0,1.34
Buoy-KDR-01,2026-02-01T02:00:00Z,168.5,6.91
Buoy-KDR-01,2026-02-01T03:00:00Z,115.8,3.12
Buoy-KDR-01,2026-02-01T04:00:00Z,125.7,2.69
Buoy-KDR-01,2026-02-01T05:00:00Z,169.5,3.33
Buoy-KDR-01,2026-02-01T06:00:00Z,149.5,1.27
Buoy-KDR-01,2026-02-01T07:00:00Z,136.1,4.27
Buoy-KDR-01,2026-02-01T08:00:00Z,184.0,1.51
Buoy-KDR-01,2026-02-01T09:00:00Z,164.8,4.43
Buoy-KDR-01,2026-02-01T10:00:00Z,125.1,2.85
Buoy-KDR-01,2026-02-01T11:00:00Z,162.7,8.61
Buoy-KDR-01,2026-02-01T12:00:00Z,71.4,2.8
Buoy-KDR-01,2026-02-01T13:00:00Z,144.2,8.22
Buoy-KDR-01,2026-02-01T14:00:00Z,164.0,2.64
Buoy-KDR-01,2026-02-01T15:00:00Z,89.2,2.37
Buoy-KDR-01,2026-02-01T16:00:00Z,137.6,5.86
Buoy-KDR-01,2026-02-01T17:00:00Z,169.0,4.26
Buoy-KDR-01,2026-02-01T18:00:00Z,164.6,4.81
Buoy-KDR-01,2026-02-01T19:00:00Z,172.3,5.0
Buoy-KDR-01,2026-02-01T20:00:00Z,123.7,2.64
Buoy-KDR-01,2026-02-01T21:00:00Z,161.2,3.26
Buoy-KDR-01,2026-02-01T22:00:00Z,78.4,4.51
Buoy-KDR-01,2026-02-01T23:00:00Z,104.9,5.61
Buoy-KDR-01,2026-02-02T00:00:00Z,356.7,3.63
Buoy-KDR-01,2026-02-02T01:00:00Z,88.4,3.78
Buoy-KDR-01,2026-02-02T02:00:00Z,119.3,5.63
Buoy-KDR-01,2026-02-02T03:00:00Z,94.1,6.76
Buoy-KDR-01,2026-02-02T04:00:00Z,125.5,5.45
Buoy-KDR-01,2026-02-02T05:00:00Z,123.7,2.98
Buoy-KDR-01,2026-02-02T06:00:00Z,231.5,4.79
Buoy-KDR-01,2026-02-02T07:00:00Z,162.6,5.32
Buoy-KDR-01,2026-02-02T08:00:00Z,130.4,2.46
Buoy-KDR-01,2026-02-02T09:00:00Z,137.2,3.85
Buoy-KDR-01,2026-02-02T10:00:00Z,101.1,3.17
Buoy-KDR-01,2026-02-02T11:00:00Z,117.7,4.24
Buoy-KDR-01,2026-02-02T12:00:00Z,130.6,1.5
Buoy-KDR-01,2026-02-02T13:00:00Z,141.5,8.13
Buoy-KDR-01,2026-02-02T14:00:00Z,153.0,2.75
Buoy-KDR-01,2026-02-02T15:00:00Z,128.0,2.17
Buoy-KDR-01,2026-02-02T16:00:00Z,97.8,4.92
Buoy-KDR-01,2026-02-02T17:00:00Z,140.6,2.69
Buoy-KDR-01,2026-02-02T18:00:00Z,186.0,4.6
Buoy-KDR-01,2026-02-02T19:00:00Z,180.0,1.91
Buoy-KDR-01,2026-02-02T20:00:00Z,135.8,1.88
Buoy-KDR-01,2026-02-02T21:00:00Z,156.7,8.03
Buoy-KDR-01,2026-02-02T22:00:00Z,116.5,4.55
Buoy-KDR-01,2026-02-02T23:00:00Z,147.6,0.77
Buoy-KDR-01,2026-02-03T00:00:00Z,150.2,3.16
Buoy-KDR-01,2026-02-03T01:00:00Z,179.3,2.16
Buoy-KDR-01,2026-02-03T02:00:00Z,139.5,1.47
Buoy-KDR-01,2026-02-03T03:00:00Z,123.3,2.05
Buoy-KDR-01,2026-02-03T04:00:00Z,108.7,6.34
Buoy-KDR-01,2026-02-03T05:00:00Z,142.2,4.54
Buoy-KDR-01,2026-02-03T06:00:00Z,99.4,2.94
Buoy-KDR-01,2026-02-03T07:00:00Z,105.0,4.41
Buoy-KDR-01,2026-02-03T08:00:00Z,127.0,4.39
Buoy-KDR-01,2026-02-03T09:00:00Z,106.7,1.71
Buoy-KDR-01,2026-02-03T10:00:00Z,127.4,4.89
Buoy-KDR-01,2026-02-03T11:00:00Z,155.9,3.31
Buoy-KDR-01,2026-02-03T12:00:00Z,118.3,4.52
Buoy-KDR-01,2026-02-03T13:00:00Z,150.0,4.58
Buoy-KDR-01,2026-02-03T14:00:00Z,96.8,1.75
Buoy-KDR-01,2026-02-03T15:00:00Z,121.3,3.48
Buoy-KDR-01,2026-02-03T16:00:00Z,129.3,0.44
Buoy-KDR-01,2026-02-03T17:00:00Z,170.9,3.78
Buoy-KDR-01,2026-02-03T18:00:00Z,52.3,4.83
Buoy-KDR-01,2026-02-03T19:00:00Z,156.7,1.32
Buoy-KDR-01,2026-02-03T20:00:00Z,274.0,2.64
Buoy-KDR-01,2026-02-03T21:00:00Z,100.8,3.95
Buoy-KDR-01,2026-02-03T22:00:00Z,79.4,5.42
Buoy-KDR-01,2026-02-03T23:00:00Z,150.3,1.56
Buoy-KDR-01,2026-02-04T00:00:00Z,145.2,3.04
Buoy-KDR-01,2026-02-04T01:00:00Z,70.6,0.93
Buoy-KDR-01,2026-02-04T02:00:00Z,33.5,1.48
Buoy-KDR-01,2026-02-04T03:00:00Z,104.6,5.31
Buoy-KDR-01,2026-02-04T04:00:00Z,173.3,2.95
Buoy-KDR-01,2026-02-04T05:00:00Z,134.8,3.42
Buoy-KDR-01,2026-02-04T06:00:00Z,139.1,5.81
Buoy-KDR-01,2026-02-04T07:00:00Z,109.6,2.96
Buoy-KDR-01,2026-02-04T08:00:00Z,120.8,1.74
Buoy-KDR-01,2026-02-04T09:00:00Z,119.4,2.17
Buoy-KDR-01,2026-02-04T10:00:00Z,126.3,2.59
Buoy-KDR-01,2026-02-04T11:00:00Z,110.6,2.63
Buoy-KDR-01,2026-02-04T12:00:00Z,183.9,6.29
Buoy-KDR-01,2026-02-04T13:00:00Z,128.3,8.16
Buoy-KDR-01,2026-02-04T14:00:00Z,120.9,7.13
Buoy-KDR-01,2026-02-04T15:00:00Z,147.2,6.38
Buoy-KDR-01,2026-02-04T16:00:00Z,121.5,5.02
Buoy-KDR-01,2026-02-04T17:00:00Z,138.8,3.69
Buoy-KDR-01,2026-02-04T18:00:00Z,82.6,2.52
Buoy-KDR-01,2026-02-04T19:00:00Z,87.6,6.55
Buoy-KDR-01,2026-02-04T20:00:00Z,149.7,3.83
Buoy-KDR-01,2026-02-04T21:00:00Z,165.9,7.8
Buoy-KDR-01,2026-02-04T22:00:00Z,121.9,0.22
Buoy-KDR-01,2026-02-04T23:00:00Z,128.9,3.52
Buoy-KDR-01,2026-02-05T00:00:00Z,78.6,3.0
Buoy-KDR-01,2026-02-05T01:00:00Z,192.4,2.23
Buoy-KDR-01,2026-02-05T02:00:00Z,141.6,5.97
Buoy-KDR-01,2026-02-05T03:00:00Z,161.9,4.18
Buoy-KDR-01,2026-02-05T04:00:00Z,103.0,4.82
Buoy-KDR-01,2026-02-05T05:00:00Z,35.8,5.57
Buoy-KDR-01,2026-02-05T06:00:00Z,138.0,1.64
Buoy-KDR-01,2026-02-05T07:00:00Z,133.8,8.01
Buoy-KDR-01,2026-02-05T08:00:00Z,135.5,4.86
Buoy-KDR-01,2026-02-05T09:00:00Z,122.9,7.39
Buoy-KDR-01,2026-02-05T10:00:00Z,118.3,4.64
Buoy-KDR-01,2026-02-05T11:00:00Z,82.5,1.91
Buoy-KDR-01,2026-02-05T12:00:00Z,189.6,2.72
Buoy-KDR-01,2026-02-05T13:00:00Z,140.1,4.96
Buoy-KDR-01,2026-02-05T14:00:00Z,171.7,1.7
Buoy-KDR-01,2026-02-05T15:00:00Z,185.8,4.8
Buoy-KDR-01,2026-02-05T16:00:00Z,250.4,5.87
Buoy-KDR-01,2026-02-05T17:00:00Z,118.5,1.22
Buoy-KDR-01,2026-02-05T18:00:00Z,143.7,5.15
Buoy-KDR-01,2026-02-05T19:00:00Z,107.0,1.73
Buoy-KDR-01,2026-02-05T20:00:00Z,201.6,5.32
Buoy-KDR-01,2026-02-05T21:00:00Z,154.4,3.91
Buoy-KDR-01,2026-02-05T22:00:00Z,234.0,3.43
Buoy-KDR-01,2026-02-05T23:00:00Z,134.1,4.48
Buoy-KDR-01,2026-02-06T00:00:00Z,89.7,6.31
Buoy-KDR-01,2026-02-06T01:00:00Z,163.1,1.46
Buoy-KDR-01,2026-02-06T02:00:00Z,105.9,8.18
Buoy-KDR-01,2026-02-06T03:00:00Z,116.6,1.75
Buoy-KDR-01,2026-02-06T04:00:00Z,173.4,4.31
Buoy-KDR-01,2026-02-06T05:00:00Z,157.4,5.53
Buoy-KDR-01,2026-02-06T06:00:00Z,164.6,2.7
Buoy-KDR-01,2026-02-06T07:00:00Z,93.1,3.8
Buoy-KDR-01,2026-02-06T08:00:00Z,131.7,6.8
Buoy-KDR-01,2026-02-06T09:00:00Z,146.2,3.72
Buoy-KDR-01,2026-02-06T10:00:00Z,88.0,3.9
Buoy-KDR-01,2026-02-06T11:00:00Z,135.1,9.37
Buoy-KDR-01,2026-02-06T12:00:00Z,181.9,4.12
Buoy-KDR-01,2026-02-06T13:00:00Z,186.3,4.82
Buoy-KDR-01,2026-02-06T14:00:00Z,192.6,0.58
Buoy-KDR-01,2026-02-06T15:00:00Z,94.4,0.91
Buoy-KDR-01,2026-02-06T16:00:00Z,284.1,3.78
Buoy-KDR-01,2026-02-06T17:00:00Z,118.1,3.75
Buoy-KDR-01,2026-02-06T18:00:00Z,130.7,3.95
Buoy-KDR-01,2026-02-06T19:00:00Z,121.1,2.57
Buoy-KDR-01,2026-02-06T20:00:00Z,111.5,5.78
Buoy-KDR-01,2026-02-06T21:00:00Z,133.3,3.17
Buoy-KDR-01,2026-02-06T22:00:00Z,161.8,1.18
Buoy-KDR-01,2026-02-06T23:00:00Z,89.4,5.15
Buoy-KDR-01,2026-02-07T00:00:00Z,148.9,3.4
Buoy-KDR-01,2026-02-07T01:00:00Z,140.3,4.36
Buoy-KDR-01,2026-02-07T02:00:00Z,132.0,1.6
Buoy-KDR-01,2026-02-07T03:00:00Z,77.6,4.95
Buoy-KDR-01,2026-02-07T04:00:00Z,175.7,5.56
Buoy-KDR-01,2026-02-07T05:00:00Z,122.6,1.92
Buoy-KDR-01,2026-02-07T06:00:00Z,140.4,6.64
Buoy-KDR-01,2026-02-07T07:00:00Z,107.8,0.78
Buoy-KDR-01,2026-02-07T08:00:00Z,133.2,5.02
Buoy-KDR-01,2026-02-07T09:00:00Z,147.6,1.27
Buoy-KDR-01,2026-02-07T10:00:00Z,108.7,4.12
Buoy-KDR-01,2026-02-07T11:00:00Z,166.7,2.44
Buoy-KDR-01,2026-02-07T12:00:00Z,84.9,2.29
Buoy-KDR-01,2026-02-07T13:00:00Z,109.9,0.95
Buoy-KDR-01,2026-02-07T14:00:00Z,136.4,3.13
Buoy-KDR-01,2026-02-07T15:00:00Z,174.5,7.36
Buoy-KDR-01,2026-02-07T16:00:00Z,61.7,5.23
Buoy-KDR-01,2026-02-07T17:00:00Z,109.7,2.8
Buoy-KDR-01,2026-02-07T18:00:00Z,129.8,1.28
Buoy-KDR-01,2026-02-07T19:00:00Z,107.6,3.76
Buoy-KDR-01,2026-02-07T20:00:00Z,162.2,8.98
Buoy-KDR-01,2026-02-07T21:00:00Z,192.1,1.2
Buoy-KDR-01,2026-02-07T22:00:00Z,121.4,2.83
Buoy-KDR-01,2026-02-07T23:00:00Z,201.2,0.4
Buoy-KDR-01,2026-02-08T00:00:00Z,107.6,4.44
Buoy-KDR-01,2026-02-08T01:00:00Z,123.4,4.26
Buoy-KDR-01,2026-02-08T02:00:00Z,138.3,6.84
Buoy-KDR-01,2026-02-08T03:00:00Z,112.2,2.39
Buoy-KDR-01,2026-02-08T04:00:00Z,147.6,2.32
Buoy-KDR-01,2026-02-08T05:00:00Z,173.2,7.81
Buoy-KDR-01,2026-02-08T06:00:00Z,236.6,6.19
Buoy-KDR-01,2026-02-08T07:00:00Z,74.4,1.49
Buoy-KDR-01,2026-02-08T08:00:00Z,138.0,1.12
Buoy-KDR-01,2026-02-08T09:00:00Z,175.6,5.02
Buoy-KDR-01,2026-02-08T10:00:00Z,200.7,3.85
Buoy-KDR-01,2026-02-08T11:00:00Z,99.6,3.07
Buoy-KDR-01,2026-02-08T12:00:00Z,148.5,1.7
Buoy-KDR-01,2026-02-08T13:00:00Z,143.0,1.25
Buoy-KDR-01,2026-02-08T14:00:00Z,52.1,2.34
Buoy-KDR-01,2026-02-08T15:00:00Z,170.9,2.77
Buoy-KDR-01,2026-02-08T16:00:00Z,117.6,2.78
Buoy-KDR-01,2026-02-08T17:00:00Z,80.6,1.25
Buoy-KDR-01,2026-02-08T18:00:00Z,143.7,1.85
Buoy-KDR-01,2026-02-08T19:00:00Z,89.4,3.56
Buoy-KDR-01,2026-02-08T20:00:00Z,46.8,2.17
Buoy-KDR-01,2026-02-08T21:00:00Z,114.7,2.5
Buoy-KDR-01,2026-02-08T22:00:00Z,164.2,5.95
Buoy-KDR-01,2026-02-08T23:00:00Z,179.6,0.91
Buoy-KDR-01,2026-02-09T00:00:00Z,127.8,2.4
Buoy-KDR-01,2026-02-09T01:00:00Z,148.5,3.82
Buoy-KDR-01,2026-02-09T02:00:00Z,128.2,0.8
Buoy-KDR-01,2026-02-09T03:00:00Z,241.8,3.49
Buoy-KDR-01,2026-02-09T04:00:00Z,135.0,5.74
Buoy-KDR-01,2026-02-09T05:00:00Z,174.0,0.49
Buoy-KDR-01,2026-02-09T06:00:00Z,153.4,5.93
Buoy-KDR-01,2026-02-09T07:00:00Z,133.0,4.49
Buoy-KDR-01,2026-02-09T08:00:00Z,111.5,5.82
Buoy-KDR-01,2026-02-09T09:00:00Z,23.2,6.87
Buoy-KDR-01,2026-02-09T10:00:00Z,121.6,1.67
Buoy-KDR-01,2026-02-09T11:00:00Z,150.0,0.94
Buoy-KDR-01,2026-02-09T12:00:00Z,107.4,1.93
Buoy-KDR-01,2026-02-09T13:00:00Z,150.3,0.78
Buoy-KDR-01,2026-02-09T14:00:00Z,103.4,1.96
Buoy-KDR-01,2026-02-09T15:00:00Z,145.9,6.6
Buoy-KDR-01,2026-02-09T16:00:00Z,222.9,2.39
Buoy-KDR-01,2026-02-09T17:00:00Z,161.2,3.28
Buoy-KDR-01,2026-02-09T18:00:00Z,161.3,1.73
Buoy-KDR-01,2026-02-09T19:00:00Z,145.6,6.61
Buoy-KDR-01,2026-02-09T20:00:00Z,92.1,5.66
Buoy-KDR-01,2026-02-09T21:00:00Z,88.9,5.55
Buoy-KDR-01,2026-02-09T22:00:00Z,96.3,7.03
Buoy-KDR-01,2026-02-09T23:00:00Z,123.9,3.16
Buoy-KDR-01,2026-02-10T00:00:00Z,124.7,6.77
Buoy-KDR-01,2026-02-10T01:00:00Z,157.3,1.11
Buoy-KDR-01,2026-02-10T02:00:00Z,76.3,12.6
Buoy-KDR-01,2026-02-10T03:00:00Z,124.0,1.46
Buoy-KDR-01,2026-02-10T04:00:00Z,128.3,7.1
Buoy-KDR-01,2026-02-10T05:00:00Z,358.7,2.24
Buoy-KDR-01,2026-02-10T06:00:00Z,199.1,5.69
Buoy-KDR-01,2026-02-10T07:00:00Z,170.9,1.98
Buoy-KDR-01,2026-02-10T08:00:00Z,77.7,5.76
Buoy-KDR-01,2026-02-10T09:00:00Z,142.2,4.94
Buoy-KDR-01,2026-02-10T10:00:00Z,130.7,4.1
Buoy-KDR-01,2026-02-10T11:00:00Z,174.4,6.57
Buoy-KDR-01,2026-02-10T12:00:00Z,231.4,2.74
Buoy-KDR-01,2026-02-10T13:00:00Z,156.5,2.24
Buoy-KDR-01,2026-02-10T14:00:00Z,148.7,0.12
Buoy-KDR-01,2026-02-10T15:00:00Z,140.6,5.06
Buoy-KDR-01,2026-02-10T16:00:00Z,152.7,6.14
Buoy-KDR-01,2026-02-10T17:00:00Z,181.1,7.1
Buoy-KDR-01,2026-02-10T18:00:00Z,141.4,6.16
Buoy-KDR-01,2026-02-10T19:00:00Z,167.8,7.59
Buoy-KDR-01,2026-02-10T20:00:00Z,126.7,1.47
Buoy-KDR-01,2026-02-10T21:00:00Z,148.4,7.76
Buoy-KDR-01,2026-02-10T22:00:00Z,150.5,8.09
Buoy-KDR-01,2026-02-10T23:00:00Z,177.2,4.89
Buoy-KDR-01,2026-02-11T00:00:00Z,216.9,5.6
Buoy-KDR-01,2026-02-11T01:00:00Z,116.6,2.72
Buoy-KDR-01,2026-02-11T02:00:00Z,123.5,1.66
Buoy-KDR-01,2026-02-11T03:00:00Z,215.9,3.17
Buoy-KDR-01,2026-02-11T04:00:00Z,108.0,8.25
Buoy-KDR-01,2026-02-11T05:00:00Z,216.9,7.17
Buoy-KDR-01,2026-02-11T06:00:00Z,143.2,7.48
Buoy-KDR-01,2026-02-11T07:00:00Z,179.4,5.26
Buoy-KDR-01,2026-02-11T08:00:00Z,156.1,6.62
Buoy-KDR-01,2026-02-11T09:00:00Z,132.7,5.0
Buoy-KDR-01,2026-02-11T10:00:00Z,163.8,2.5
Buoy-KDR-01,2026-02-11T11:00:00Z,110.1,1.19
Buoy-KDR-01,2026-02-11T12:00:00Z,136.4,3.14
Buoy-KDR-01,2026-02-11T13:00:00Z,136.1,8.39
Buoy-KDR-01,2026-02-11T14:00:00Z,100.9,4.0
Buoy-KDR-01,2026-02-11T15:00:00Z,136.5,3.64
Buoy-KDR-01,2026-02-11T16:00:00Z,103.9,1.9
Buoy-KDR-01,2026-02-11T17:00:00Z,304.5,2.66
Buoy-KDR-01,2026-02-11T18:00:00Z,91.6,7.83
Buoy-KDR-01,2026-02-11T19:00:00Z,61.2,3.09
Buoy-KDR-01,2026-02-11T20:00:00Z,63.4,1.41
Buoy-KDR-01,2026-02-11T21:00:00Z,113.2,4.39
Buoy-KDR-01,2026-02-11T22:00:00Z,217.1,1.91
Buoy-KDR-01,2026-02-11T23:00:00Z,151.2,1.86
Buoy-KDR-01,2026-02-12T00:00:00Z,141.3,4.92
Buoy-KDR-01,2026-02-12T01:00:00Z,156.8,5.15
Buoy-KDR-01,2026-02-12T02:00:00Z,129.9,1.02
Buoy-KDR-01,2026-02-12T03:00:00Z,160.3,6.09
Buoy-KDR-01,2026-02-12T04:00:00Z,111.3,2.66
Buoy-KDR-01,2026-02-12T05:00:00Z,163.4,4.31
Buoy-KDR-01,2026-02-12T06:00:00Z,156.1,2.64
Buoy-KDR-01,2026-02-12T07:00:00Z,138.4,6.13
Buoy-KDR-01,2026-02-12T08:00:00Z,102.6,4.68
Buoy-KDR-01,2026-02-12T09:00:00Z,159.4,3.99
Buoy-KDR-01,2026-02-12T10:00:00Z,160.3,3.46
Buoy-KDR-01,2026-02-12T11:00:00Z,112.9,3.56
Buoy-KDR-01,2026-02-12T12:00:00Z,133.5,5.32
Buoy-KDR-01,2026-02-12T13:00:00Z,147.4,1.35
Buoy-KDR-01,2026-02-12T14:00:00Z,45.1,4.25
Buoy-KDR-01,2026-02-12T15:00:00Z,111.1,6.1
Buoy-KDR-01,2026-02-12T16:00:00Z,97.2,6.39
Buoy-KDR-01,2026-02-12T17:00:00Z,156.2,6.57
Buoy-KDR-01,2026-02-12T18:00:00Z,201.5,5.04
Buoy-KDR-01,2026-02-12T19:00:00Z,171.0,6.84
Buoy-KDR-01,2026-02-12T20:00:00Z,113.6,1.61
Buoy-KDR-01,2026-02-12T21:00:00Z,91.3,1.96
Buoy-KDR-01,2026-02-12T22:00:00Z,197.7,1.65
Buoy-KDR-01,2026-02-12T23:00:00Z,123.9,9.49
Buoy-KDR-01,2026-02-13T00:00:00Z,184.2,6.03
Buoy-KDR-01,2026-02-13T01:00:00Z,134.2,7.0
Buoy-KDR-01,2026-02-13T02:00:00Z,166.7,3.2
Buoy-KDR-01,2026-02-13T03:00:00Z,149.2,2.56
Buoy-KDR-01,2026-02-13T04:00:00Z,178.1,4.44
Buoy-KDR-01,2026-02-13T05:00:00Z,91.1,3.32
Buoy-KDR-01,2026-02-13T06:00:00Z,162.8,5.36
Buoy-KDR-01,2026-02-13T07:00:00Z,172.4,7.24
Buoy-KDR-01,2026-02-13T08:00:00Z,158.1,3.94
Buoy-KDR-01,2026-02-13T09:00:00Z,152.0,3.27
Buoy-KDR-01,2026-02-13T10:00:00Z,87.2,0.88
Buoy-KDR-01,2026-02-13T11:00:00Z,139.3,1.77
Buoy-KDR-01,2026-02-13T12:00:00Z,131.6,6.68
Buoy-KDR-01,2026-02-13T13:00:00Z,125.8,2.34
Buoy-KDR-01,2026-02-13T14:00:00Z,200.6,0.64
Buoy-KDR-01,2026-02-13T15:00:00Z,99.4,2.7
Buoy-KDR-01,2026-02-13T16:00:00Z,81.0,1.45
Buoy-KDR-01,2026-02-13T17:00:00Z,137.8,1.71
Buoy-KDR-01,2026-02-13T18:00:00Z,73.7,2.52
Buoy-KDR-01,2026-02-13T19:00:00Z,157.9,4.58
Buoy-KDR-01,2026-02-13T20:00:00Z,150.7,5.23
Buoy-KDR-01,2026-02-13T21:00:00Z,198.3,6.39
Buoy-KDR-01,2026-02-13T22:00:00Z,114.5,2.75
Buoy-KDR-01,2026-02-13T23:00:00Z,133.0,1.72
Buoy-KDR-01,2026-02-14T00:00:00Z,141.2,2.08
Buoy-KDR-01,2026-02-14T01:00:00Z,129.2,6.06
Buoy-KDR-01,2026-02-14T02:00:00Z,59.6,4.97
Buoy-KDR-01,2026-02-14T03:00:00Z,156.2,5.93
Buoy-KDR-01,2026-02-14T04:00:00Z,123.1,0.79
Buoy-KDR-01,2026-02-14T05:00:00Z,121.5,4.27
Buoy-KDR-01,2026-02-14T06:00:00Z,167.0,2.95
Buoy-KDR-01,2026-02-14T07:00:00Z,101.2,6.75
Buoy-KDR-01,2026-02-14T08:00:00Z,124.3,3.15
Buoy-KDR-01,2026-02-14T09:00:00Z,108.4,4.15
Buoy-KDR-01,2026-02-14T10:00:00Z,166.5,4.79
Buoy-KDR-01,2026-02-14T11:00:00Z,95.5,3.27
Buoy-KDR-01,2026-02-14T12:00:00Z,280.9,5.44
Buoy-KDR-01,2026-02-14T13:00:00Z,328.1,4.59
Buoy-KDR-01,2026-02-14T14:00:00Z,161.7,5.75
Buoy-KDR-01,2026-02-14T15:00:00Z,136.4,8.31
Buoy-KDR-01,2026-02-14T16:00:00Z,104.8,2.95
Buoy-KDR-01,2026-02-14T17:00:00Z,150.7,3.57
Buoy-KDR-01,2026-02-14T18:00:00Z,150.9,1.48
Buoy-KDR-01,2026-02-14T19:00:00Z,103.6,4.69
Buoy-KDR-01,2026-02-14T20:00:00Z,99.4,4.36
Buoy-KDR-01,2026-02-14T21:00:00Z,170.9,1.52
Buoy-KDR-01,2026-02-14T22:00:00Z,355.8,4.55
Buoy-KDR-01,2026-02-14T23:00:00Z,131.1,6.72
Buoy-KDR-01,2026-02-15T00:00:00Z,190.0,1.81
Buoy-KDR-01,2026-02-15T01:00:00Z,186.2,5.73
Buoy-KDR-01,2026-02-15T02:00:00Z,97.7,4.68
Buoy-KDR-01,2026-02-15T03:00:00Z,125.8,11.0
Buoy-KDR-01,2026-02-15T04:00:00Z,84.7,3.31
Buoy-KDR-01,2026-02-15T05:00:00Z,188.6,4.15
Buoy-KDR-01,2026-02-15T06:00:00Z,147.1,5.12
Buoy-KDR-01,2026-02-15T07:00:00Z,75.1,6.93
Buoy-KDR-01,2026-02-15T08:00:00Z,121.8,3.79
Buoy-KDR-01,2026-02-15T09:00:00Z,173.6,2.01
Buoy-KDR-01,2026-02-15T10:00:00Z,74.7,1.67
Buoy-KDR-01,2026-02-15T11:00:00Z,156.3,2.02
Buoy-KDR-01,2026-02-15T12:00:00Z,79.6,2.88
Buoy-KDR-01,2026-02-15T13:00:00Z,99.5,2.73
Buoy-KDR-01,2026-02-15T14:00:00Z,180.6,2.85
Buoy-KDR-01,2026-02-15T15:00:00Z,116.3,3.59
Buoy-KDR-01,2026-02-15T16:00:00Z,200.7,4.21
Buoy-KDR-01,2026-02-15T17:00:00Z,201.2,3.75
Buoy-KDR-01,2026-02-15T18:00:00Z,166.8,3.12
Buoy-KDR-01,2026-02-15T19:00:00Z,199.8,1.73
Buoy-KDR-01,2026-02-15T20:00:00Z,157.9,3.26
Buoy-KDR-01,2026-02-15T21:00:00Z,167.2,2.78
Buoy-KDR-01,2026-02-15T22:00:00Z,113.6,5.53
Buoy-KDR-01,2026-02-15T23:00:00Z,120.2,4.51
Buoy-KDR-01,2026-02-16T00:00:00Z,98.5,5.39
Buoy-KDR-01,2026-02-16T01:00:00Z,119.0,5.41
Buoy-KDR-01,2026-02-16T02:00:00Z,136.3,4.39
Buoy-KDR-01,2026-02-16T03:00:00Z,120.0,3.23
Buoy-KDR-01,2026-02-16T04:00:00Z,127.8,2.12
Buoy-KDR-01,2026-02-16T05:00:00Z,141.5,0.54
Buoy-KDR-01,2026-02-16T06:00:00Z,146.4,4.78
Buoy-KDR-01,2026-02-16T07:00:00Z,115.3,2.41
Buoy-KDR-01,2026-02-16T08:00:00Z,124.7,3.13
Buoy-KDR-01,2026-02-16T09:00:00Z,150.3,1.92
Buoy-KDR-01,2026-02-16T10:00:00Z,126.3,5.13
Buoy-KDR-01,2026-02-16T11:00:00Z,162.7,2.89
Buoy-KDR-01,2026-02-16T12:00:00Z,167.1,6.85
Buoy-KDR-01,2026-02-16T13:00:00Z,134.1,2.06
Buoy-KDR-01,2026-02-16T14:00:00Z,166.0,2.29
Buoy-KDR-01,2026-02-16T15:00:00Z,117.5,1.69
Buoy-KDR-01,2026-02-16T16:00:00Z,117.0,3.04
Buoy-KDR-01,2026-02-16T17:00:00Z,123.6,0.88
Buoy-KDR-01,2026-02-16T18:00:00Z,133.4,1.0
Buoy-KDR-01,2026-02-16T19:00:00Z,178.3,4.69
Buoy-KDR-01,2026-02-16T20:00:00Z,188.1,3.3
Buoy-KDR-01,2026-02-16T21:00:00Z,141.6,4.01
Buoy-KDR-01,2026-02-16T22:00:00Z,165.8,4.49
Buoy-KDR-01,2026-02-16T23:00:00Z,179.3,4.68
Buoy-KDR-01,2026-02-17T00:00:00Z,129.0,1.73
Buoy-KDR-01,2026-02-17T01:00:00Z,182.4,1.5
Buoy-KDR-01,2026-02-17T02:00:00Z,147.7,1.51
Buoy-KDR-01,2026-02-17T03:00:00Z,146.6,2.12
Buoy-KDR-01,2026-02-17T04:00:00Z,111.8,4.96
Buoy-KDR-01,2026-02-17T05:00:00Z,131.6,0.9
Buoy-KDR-01,2026-02-17T06:00:00Z,156.4,2.85
Buoy-KDR-01,2026-02-17T07:00:00Z,241.8,6.93
Buoy-KDR-01,2026-02-17T08:00:00Z,213.5,4.73
Buoy-KDR-01,2026-02-17T09:00:00Z,170.4,5.1
Buoy-KDR-01,2026-02-17T10:00:00Z,157.5,2.45
Buoy-KDR-01,2026-02-17T11:00:00Z,164.3,3.56
Buoy-KDR-01,2026-02-17T12:00:00Z,132.9,1.97
Buoy-KDR-01,2026-02-17T13:00:00Z,104.6,5.72
Buoy-KDR-01,2026-02-17T14:00:00Z,133.9,5.36
Buoy-KDR-01,2026-02-17T15:00:00Z,306.7,4.7
Buoy-KDR-01,2026-02-17T16:00:00Z,119.4,2.99
Buoy-KDR-01,2026-02-17T17:00:00Z,83.2,1.41
Buoy-KDR-01,2026-02-17T18:00:00Z,85.2,2.02
Buoy-KDR-01,2026-02-17T19:00:00Z,162.1,3.14
Buoy-KDR-01,2026-02-17T20:00:00Z,128.5,5.71
Buoy-KDR-01,2026-02-17T21:00:00Z,140.0,4.91
Buoy-KDR-01,2026-02-17T22:00:00Z,339.3,1.88
Buoy-KDR-01,2026-02-17T23:00:00Z,118.6,4.25
Buoy-KDR-01,2026-02-18T00:00:00Z,125.4,3.11
Buoy-KDR-01,2026-02-18T01:00:00Z,115.1,0.77
Buoy-KDR-01,2026-02-18T02:00:00Z,184.8,1.68
Buoy-KDR-01,2026-02-18T03:00:00Z,54.9,1.56
Buoy-KDR-01,2026-02-18T04:00:00Z,161.1,2.76
Buoy-KDR-01,2026-02-18T05:00:00Z,142.8,4.79
Buoy-KDR-01,2026-02-18T06:00:00Z,95.0,8.79
Buoy-KDR-01,2026-02-18T07:00:00Z,114.1,2.89
Buoy-KDR-01,2026-02-18T08:00:00Z,130.2,4.68
Buoy-KDR-01,2026-02-18T09:00:00Z,120.1,2.93
Buoy-KDR-01,2026-02-18T10:00:00Z,84.9,4.07
Buoy-KDR-01,2026-02-18T11:00:00Z,179.3,1.07
Buoy-KDR-01,2026-02-18T12:00:00Z,172.6,6.22
Buoy-KDR-01,2026-02-18T13:00:00Z,191.7,1.26
Buoy-KDR-01,2026-02-18T14:00:00Z,140.3,1.02
Buoy-KDR-01,2026-02-18T15:00:00Z,227.6,4.57
Buoy-KDR-01,2026-02-18T16:00:00Z,138.7,5.72
Buoy-KDR-01,2026-02-18T17:00:00Z,173.6,6.27
Buoy-KDR-01,2026-02-18T18:00:00Z,165.2,4.63
Buoy-KDR-01,2026-02-18T19:00:00Z,162.9,3.28
Buoy-KDR-01,2026-02-18T20:00:00Z,150.3,4.33
Buoy-KDR-01,2026-02-18T21:00:00Z,135.0,2.71
Buoy-KDR-01,2026-02-18T22:00:00Z,149.0,7.8
Buoy-KDR-01,2026-02-18T23:00:00Z,185.3,1.06
Buoy-KDR-01,2026-02-19T00:00:00Z,92.0,4.43
Buoy-KDR-01,2026-02-19T01:00:00Z,147.7,4.66
Buoy-KDR-01,2026-02-19T02:00:00Z,179.5,2.25
Buoy-KDR-01,2026-02-19T03:00:00Z,173.8,5.99
Buoy-KDR-01,2026-02-19T04:00:00Z,123.9,4.95
Buoy-KDR-01,2026-02-19T05:00:00Z,59.1,1.75
Buoy-KDR-01,2026-02-19T06:00:00Z,176.1,5.09
Buoy-KDR-01,2026-02-19T07:00:00Z,117.7,7.34
Buoy-KDR-01,2026-02-19T08:00:00Z,120.5,3.52
Buoy-KDR-01,2026-02-19T09:00:00Z,131.5,3.29
Buoy-KDR-01,2026-02-19T10:00:00Z,118.6,6.07
Buoy-KDR-01,2026-02-19T11:00:00Z,140.3,4.66
Buoy-KDR-01,2026-02-19T12:00:00Z,97.1,1.71
Buoy-KDR-01,2026-02-19T13:00:00Z,124.2,7.45
Buoy-KDR-01,2026-02-19T14:00:00Z,132.9,3.65
Buoy-KDR-01,2026-02-19T15:00:00Z,154.2,4.18
Buoy-KDR-01,2026-02-19T16:00:00Z,124.6,1.67
Buoy-KDR-01,2026-02-19T17:00:00Z,76.5,3.77
Buoy-KDR-01,2026-02-19T18:00:00Z,92.2,8.87
Buoy-KDR-01,2026-02-19T19:00:00Z,137.2,8.19
Buoy-KDR-01,2026-02-19T20:00:00Z,107.1,3.49
Buoy-KDR-01,2026-02-19T21:00:00Z,88.6,5.29
Buoy-KDR-01,2026-02-19T22:00:00Z,163.3,4.95
Buoy-KDR-01,2026-02-19T23:00:00Z,115.6,4.5
Buoy-KDR-01,2026-02-20T00:00:00Z,55.4,4.45
Buoy-KDR-01,2026-02-20T01:00:00Z,105.5,8.98
Buoy-KDR-01,2026-02-20T02:00:00Z,178.2,8.02
Buoy-KDR-01,2026-02-20T03:00:00Z,124.4,1.58
Buoy-KDR-01,2026-02-20T04:00:00Z,106.0,3.64
Buoy-KDR-01,2026-02-20T05:00:00Z,116.9,5.28
Buoy-KDR-01,2026-02-20T06:00:00Z,103.4,2.61
Buoy-KDR-01,2026-02-20T07:00:00Z,150.2,0.72
Buoy-KDR-01,2026-02-20T08:00:00Z,95.3,4.74
Buoy-KDR-01,2026-02-20T09:00:00Z,135.0,2.62
Buoy-KDR-01,2026-02-20T10:00:00Z,114.3,6.09
Buoy-KDR-01,2026-02-20T11:00:00Z,118.6,0.82
Buoy-KDR-01,2026-02-20T12:00:00Z,191.2,1.48
Buoy-KDR-01,2026-02-20T13:00:00Z,130.4,5.24
Buoy-KDR-01,2026-02-20T14:00:00Z,65.1,2.34
Buoy-KDR-01,2026-02-20T15:00:00Z,143.7,4.7
Buoy-KDR-01,2026-02-20T16:00:00Z,107.5,3.15
Buoy-KDR-01,2026-02-20T17:00:00Z,165.0,4.03
Buoy-KDR-01,2026-02-20T18:00:00Z,90.5,4.43
Buoy-KDR-01,2026-02-20T19:00:00Z,130.4,6.43
Buoy-KDR-01,2026-02-20T20:00:00Z,181.4,4.6
Buoy-KDR-01,2026-02-20T21:00:00Z,106.1,4.0
Buoy-KDR-01,2026-02-20T22:00:00Z,149.8,2.66
Buoy-KDR-01,2026-02-20T23:00:00Z,45.9,4.82
Buoy-KDR-01,2026-02-21T00:00:00Z,154.4,3.1
Buoy-KDR-01,2026-02-21T01:00:00Z,172.3,4.06
Buoy-KDR-01,2026-02-21T02:00:00Z,111.8,2.85
Buoy-KDR-01,2026-02-21T03:00:00Z,121.5,1.85
Buoy-KDR-01,2026-02-21T04:00:00Z,130.0,7.39
Buoy-KDR-01,2026-02-21T05:00:00Z,145.2,4.69
Buoy-KDR-01,2026-02-21T06:00:00Z,105.4,5.57
Buoy-KDR-01,2026-02-21T07:00:00Z,120.5,2.24
Buoy-KDR-01,2026-02-21T08:00:00Z,172.8,3.3
Buoy-KDR-01,2026-02-21T09:00:00Z,152.2,1.4
Buoy-KDR-01,2026-02-21T10:00:00Z,142.2,3.01
Buoy-KDR-01,2026-02-21T11:00:00Z,165.6,5.32
Buoy-KDR-01,2026-02-21T12:00:00Z,200.2,8.97
Buoy-KDR-01,2026-02-21T13:00:00Z,240.8,3.46
Buoy-KDR-01,2026-02-21T14:00:00Z,133.6,4.39
Buoy-KDR-01,2026-02-21T15:00:00Z,186.3,2.8
Buoy-KDR-01,2026-02-21T16:00:00Z,121.5,7.66
Buoy-KDR-01,2026-02-21T17:00:00Z,107.4,7.0
Buoy-KDR-01,2026-02-21T18:00:00Z,127.9,3.08
Buoy-KDR-01,2026-02-21T19:00:00Z,125.1,6.8
Buoy-KDR-01,2026-02-21T20:00:00Z,138.5,3.82
Buoy-KDR-01,2026-02-21T21:00:00Z,178.4,3.95
Buoy-KDR-01,2026-02-21T22:00:00Z,23.6,4.74
Buoy-KDR-01,2026-02-21T23:00:00Z,211.0,6.37
Buoy-KDR-01,2026-02-22T00:00:00Z,169.5,4.96
Buoy-KDR-01,2026-02-22T01:00:00Z,161.4,5.5
Buoy-KDR-01,2026-02-22T02:00:00Z,188.9,1.84
Buoy-KDR-01,2026-02-22T03:00:00Z,113.6,2.86
Buoy-KDR-01,2026-02-22T04:00:00Z,193.7,4.07
Buoy-KDR-01,2026-02-22T05:00:00Z,155.8,2.29
Buoy-KDR-01,2026-02-22T06:00:00Z,97.4,3.39
Buoy-KDR-01,2026-02-22T07:00:00Z,242.4,3.94
Buoy-KDR-01,2026-02-22T08:00:00Z,166.9,4.42
Buoy-KDR-01,2026-02-22T09:00:00Z,88.3,1.24
Buoy-KDR-01,2026-02-22T10:00:00Z,107.1,1.51
Buoy-KDR-01,2026-02-22T11:00:00Z,130.3,5.42
Buoy-KDR-01,2026-02-22T12:00:00Z,149.1,3.19
Buoy-KDR-01,2026-02-22T13:00:00Z,92.4,1.72
Buoy-KDR-01,2026-02-22T14:00:00Z,142.0,5.69
Buoy-KDR-01,2026-02-22T15:00:00Z,153.9,4.79
Buoy-KDR-01,2026-02-22T16:00:00Z,130.2,5.67
Buoy-KDR-01,2026-02-22T17:00:00Z,75.2,4.04
Buoy-KDR-01,2026-02-22T18:00:00Z,196.2,1.63
Buoy-KDR-01,2026-02-22T19:00:00Z,214.8,3.95
Buoy-KDR-01,2026-02-22T20:00:00Z,115.4,6.88
Buoy-KDR-01,2026-02-22T21:00:00Z,189.7,3.28
Buoy-KDR-01,2026-02-22T22:00:00Z,114.3,2.25
Buoy-KDR-01,2026-02-22T23:00:00Z,133.4,2.09
Buoy-KDR-01,2026-02-23T00:00:00Z,156.0,6.21
Buoy-KDR-01,2026-02-23T01:00:00Z,69.9,10.23
Buoy-KDR-01,2026-02-23T02:00:00Z,107.4,1.19
Buoy-KDR-01,2026-02-23T03:00:00Z,126.1,5.12
Buoy-KDR-01,2026-02-23T04:00:00Z,126.1,4.65
Buoy-KDR-01,2026-02-23T05:00:00Z,151.0,4.42
Buoy-KDR-01,2026-02-23T06:00:00Z,119.2,4.4
Buoy-KDR-01,2026-02-23T07:00:00Z,169.9,4.22
Buoy-KDR-01,2026-02-23T08:00:00Z,114.9,3.36
Buoy-KDR-01,2026-02-23T09:00:00Z,88.6,2.25
Buoy-KDR-01,2026-02-23T10:00:00Z,158.0,3.41
Buoy-KDR-01,2026-02-23T11:00:00Z,172.8,6.53
Buoy-KDR-01,2026-02-23T12:00:00Z,177.5,3.0
Buoy-KDR-01,2026-02-23T13:00:00Z,114.4,4.35
Buoy-KDR-01,2026-02-23T14:00:00Z,128.1,6.3
Buoy-KDR-01,2026-02-23T15:00:00Z,108.4,6.64
Buoy-KDR-01,2026-02-23T16:00:00Z,27.1,0.62
Buoy-KDR-01,2026-02-23T17:00:00Z,128.4,0.8
Buoy-KDR-01,2026-02-23T18:00:00Z,96.3,6.92
Buoy-KDR-01,2026-02-23T19:00:00Z,161.2,3.98
Buoy-KDR-01,2026-02-23T20:00:00Z,75.5,3.04
Buoy-KDR-01,2026-02-23T21:00:00Z,145.5,5.47
Buoy-KDR-01,2026-02-23T22:00:00Z,125.0,3.8
Buoy-KDR-01,2026-02-23T23:00:00Z,172.8,3.76
Buoy-KDR-01,2026-02-24T00:00:00Z,171.6,4.39
Buoy-KDR-01,2026-02-24T01:00:00Z,83.2,3.82
Buoy-KDR-01,2026-02-24T02:00:00Z,171.7,4.67
Buoy-KDR-01,2026-02-24T03:00:00Z,212.0,5.19
Buoy-KDR-01,2026-02-24T04:00:00Z,119.5,3.68
Buoy-KDR-01,2026-02-24T05:00:00Z,133.0,0.94
Buoy-KDR-01,2026-02-24T06:00:00Z,154.1,6.95
Buoy-KDR-01,2026-02-24T07:00:00Z,97.2,0.98
Buoy-KDR-01,2026-02-24T08:00:00Z,142.3,2.82
Buoy-KDR-01,2026-02-24T09:00:00Z,69.7,6.04
Buoy-KDR-01,2026-02-24T10:00:00Z,126.2,3.99
Buoy-KDR-01,2026-02-24T11:00:00Z,116.0,4.63
Buoy-KDR-01,2026-02-24T12:00:00Z,107.6,3.84
Buoy-KDR-01,2026-02-24T13:00:00Z,170.2,2.97
Buoy-KDR-01,2026-02-24T14:00:00Z,111.8,3.68
Buoy-KDR-01,2026-02-24T15:00:00Z,102.2,1.74
Buoy-KDR-01,2026-02-24T16:00:00Z,109.8,1.27
Buoy-KDR-01,2026-02-24T17:00:00Z,140.4,3.02
Buoy-KDR-01,2026-02-24T18:00:00Z,156.9,1.6
Buoy-KDR-01,2026-02-24T19:00:00Z,155.9,3.65
Buoy-KDR-01,2026-02-24T20:00:00Z,83.2,2.19
Buoy-KDR-01,2026-02-24T21:00:00Z,138.7,0.95
Buoy-KDR-01,2026-02-24T22:00:00Z,128.5,1.89
Buoy-KDR-01,2026-02-24T23:00:00Z,179.2,1.08
Buoy-KDR-01,2026-02-25T00:00:00Z,146.1,2.0
Buoy-KDR-01,2026-02-25T01:00:00Z,98.4,0.62
Buoy-KDR-01,2026-02-25T02:00:00Z,108.7,4.69
Buoy-KDR-01,2026-02-25T03:00:00Z,167.8,9.99
Buoy-KDR-01,2026-02-25T04:00:00Z,154.6,1.95
Buoy-KDR-01,2026-02-25T05:00:00Z,84.8,5.9
Buoy-KDR-01,2026-02-25T06:00:00Z,98.1,4.67
Buoy-KDR-01,2026-02-25T07:00:00Z,129.8,3.5
Buoy-KDR-01,2026-02-25T08:00:00Z,103.4,2.3
Buoy-KDR-01,2026-02-25T09:00:00Z,153.3,6.31
Buoy-KDR-01,2026-02-25T10:00:00Z,149.8,3.32
Buoy-KDR-01,2026-02-25T11:00:00Z,167.7,4.39
Buoy-KDR-01,2026-02-25T12:00:00Z,282.2,3.76
Buoy-KDR-01,2026-02-25T13:00:00Z,157.6,3.65
Buoy-KDR-01,2026-02-25T14:00:00Z,82.8,6.78
Buoy-KDR-01,2026-02-25T15:00:00Z,95.3,4.61
Buoy-KDR-01,2026-02-25T16:00:00Z,127.8,3.91
Buoy-KDR-01,2026-02-25T17:00:00Z,142.6,5.73
Buoy-KDR-01,2026-02-25T18:00:00Z,100.7,5.23
Buoy-KDR-01,2026-02-25T19:00:00Z,166.7,4.92
Buoy-KDR-01,2026-02-25T20:00:00Z,161.6,2.31
Buoy-KDR-01,2026-02-25T21:00:00Z,164.7,2.6
Buoy-KDR-01,2026-02-25T22:00:00Z,116.0,5.0
Buoy-KDR-01,2026-02-25T23:00:00Z,147.3,4.18
Buoy-KDR-01,2026-02-26T00:00:00Z,186.0,4.86
Buoy-KDR-01,2026-02-26T01:00:00Z,137.3,3.02
Buoy-KDR-01,2026-02-26T02:00:00Z,119.5,6.25
Buoy-KDR-01,2026-02-26T03:00:00Z,113.2,3.04
Buoy-KDR-01,2026-02-26T04:00:00Z,110.2,3.29
Buoy-KDR-01,2026-02-26T05:00:00Z,81.8,3.65
Buoy-KDR-01,2026-02-26T06:00:00Z,109.8,2.72
Buoy-KDR-01,2026-02-26T07:00:00Z,125.9,4.98
Buoy-KDR-01,2026-02-26T08:00:00Z,166.5,5.28
Buoy-KDR-01,2026-02-26T09:00:00Z,94.4,4.93
Buoy-KDR-01,2026-02-26T10:00:00Z,142.8,2.89
Buoy-KDR-01,2026-02-26T11:00:00Z,169.5,4.92
Buoy-KDR-01,2026-02-26T12:00:00Z,183.1,0.33
Buoy-KDR-01,2026-02-26T13:00:00Z,211.6,1.78
Buoy-KDR-01,2026-02-26T14:00:00Z,123.3,2.25
Buoy-KDR-01,2026-02-26T15:00:00Z,140.0,0.88
Buoy-KDR-01,2026-02-26T16:00:00Z,183.1,3.86
Buoy-KDR-01,2026-02-26T17:00:00Z,130.3,4.29
Buoy-KDR-01,2026-02-26T18:00:00Z,156.4,3.42
Buoy-KDR-01,2026-02-26T19:00:00Z,89.7,4.65
Buoy-KDR-01,2026-02-26T20:00:00Z,132.9,4.3
Buoy-KDR-01,2026-02-26T21:00:00Z,143.9,2.31
Buoy-KDR-01,2026-02-26T22:00:00Z,160.2,0.08
Buoy-KDR-01,2026-02-26T23:00:00Z,140.8,10.79
Buoy-KDR-01,2026-02-27T00:00:00Z,113.8,4.23
Buoy-KDR-01,2026-02-27T01:00:00Z,163.0,5.2
Buoy-KDR-01,2026-02-27T02:00:00Z,32.5,2.6
Buoy-KDR-01,2026-02-27T03:00:00Z,162.9,8.18
Buoy-KDR-01,2026-02-27T04:00:00Z,118.5,4.35
Buoy-KDR-01,2026-02-27T05:00:00Z,176.4,2.48
Buoy-KDR-01,2026-02-27T06:00:00Z,115.4,1.51
Buoy-KDR-01,2026-02-27T07:00:00Z,105.9,7.71
Buoy-KDR-01,2026-02-27T08:00:00Z,203.9,5.83
Buoy-KDR-01,2026-02-27T09:00:00Z,115.8,4.9
Buoy-KDR-01,2026-02-27T10:00:00Z,79.7,5.36
Buoy-KDR-01,2026-02-27T11:00:00Z,111.8,3.53
Buoy-KDR-01,2026-02-27T12:00:00Z,128.0,1.58
Buoy-KDR-01,2026-02-27T13:00:00Z,228.1,10.21
Buoy-KDR-01,2026-02-27T14:00:00Z,130.7,2.3
Buoy-KDR-01,2026-02-27T15:00:00Z,175.6,0.44
Buoy-KDR-01,2026-02-27T16:00:00Z,123.3,2.4
Buoy-KDR-01,2026-02-27T17:00:00Z,105.0,1.27
Buoy-KDR-01,2026-02-27T18:00:00Z,77.4,3.62
Buoy-KDR-01,2026-02-27T19:00:00Z,156.8,7.72
Buoy-KDR-01,2026-02-27T20:00:00Z,117.9,6.98
Buoy-KDR-01,2026-02-27T21:00:00Z,152.8,6.46
Buoy-KDR-01,2026-02-27T22:00:00Z,189.2,2.14
Buoy-KDR-01,2026-02-27T23:00:00Z,120.0,1.51
Buoy-KDR-01,2026-02-28T00:00:00Z,121.2,4.78
Buoy-KDR-01,2026-02-28T01:00:00Z,90.1,3.97
Buoy-KDR-01,2026-02-28T02:00:00Z,173.6,4.43
Buoy-KDR-01,2026-02-28T03:00:00Z,96.0,9.25
Buoy-KDR-01,2026-02-28T04:00:00Z,162.6,9.18
Buoy-KDR-01,2026-02-28T05:00:00Z,105.1,2.58
Buoy-KDR-01,2026-02-28T06:00:00Z,124.7,5.7
Buoy-KDR-01,2026-02-28T07:00:00Z,129.6,3.97
Buoy-KDR-01,2026-02-28T08:00:00Z,93.2,1.97
Buoy-KDR-01,2026-02-28T09:00:00Z,168.0,4.93
Buoy-KDR-01,2026-02-28T10:00:00Z,133.0,2.19
Buoy-KDR-01,2026-02-28T11:00:00Z,130.0,2.82
Buoy-KDR-01,2026-02-28T12:00:00Z,132.3,2.34
Buoy-KDR-01,2026-02-28T13:00:00Z,179.1,4.39
Buoy-KDR-01,2026-02-28T14:00:00Z,110.9,4.94
Buoy-KDR-01,2026-02-28T15:00:00Z,135.2,6.25
Buoy-KDR-01,2026-02-28T16:00:00Z,142.9,4.17
Buoy-KDR-01,2026-02-28T17:00:00Z,151.8,1.46
Buoy-KDR-01,2026-02-28T18:00:00Z,138.3,3.12
Buoy-KDR-01,2026-02-28T19:00:00Z,172.1,8.05
Buoy-KDR-01,2026-02-28T20:00:00Z,142.5,3.74
Buoy-KDR-01,2026-02-28T21:00:00Z,114.5,6.19
Buoy-KDR-01,2026-02-28T22:00:00Z,123.7,2.69
Buoy-KDR-01,2026-02-28T23:00:00Z,74.6,4.12
Buoy-KDR-01,2026-03-01T00:00:00Z,130.5,5.83
Buoy-KDR-01,2026-03-01T01:00:00Z,123.5,4.49
Buoy-KDR-01,2026-03-01T02:00:00Z,118.2,4.08
Buoy-KDR-01,2026-03-01T03:00:00Z,163.5,2.46
Buoy-KDR-01,2026-03-01T04:00:00Z,43.6,6.4
Buoy-KDR-01,2026-03-01T05:00:00Z,149.5,4.61
Buoy-KDR-01,2026-03-01T06:00:00Z,178.5,5.54
Buoy-KDR-01,2026-03-01T07:00:00Z,116.2,5.2
Buoy-KDR-01,2026-03-01T08:00:00Z,99.2,3.12
Buoy-KDR-01,2026-03-01T09:00:00Z,121.8,1.93
Buoy-KDR-01,2026-03-01T10:00:00Z,120.6,2.89
Buoy-KDR-01,2026-03-01T11:00:00Z,73.7,1.22
Buoy-KDR-01,2026-03-01T12:00:00Z,105.4,2.29
Buoy-KDR-01,2026-03-01T13:00:00Z,127.9,4.58
Buoy-KDR-01,2026-03-01T14:00:00Z,161.7,3.45
Buoy-KDR-01,2026-03-01T15:00:00Z,104.6,8.26
Buoy-KDR-01,2026-03-01T16:00:00Z,170.3,2.03
Buoy-KDR-01,2026-03-01T17:00:00Z,262.0,4.69
Buoy-KDR-01,2026-03-01T18:00:00Z,130.6,1.92
Buoy-KDR-01,2026-03-01T19:00:00Z,121.4,1.16
Buoy-KDR-01,2026-03-01T20:00:00Z,127.3,3.2
Buoy-KDR-01,2026-03-01T21:00:00Z,132.6,1.33
Buoy-KDR-01,2026-03-01T22:00:00Z,163.6,6.62
Buoy-KDR-01,2026-03-01T23:00:00Z,177.3,2.4
