time;value
01-Jan-01;-0.68
01-Feb-01;-0.52
01-Mar-01;-0.44
01-Apr-01;-0.34
01-May-01;-0.25
01-Jun-01;-0.12
01-Jul-01;-0.08
01-Aug-01;-0.13
01-Sep-01;-0.19
01-Oct-01;-0.29
01-Nov-01;-0.35
01-Dec-01;-0.31
01-Jan-02;-0.15
01-Feb-02;0.03
01-Mar-02;0.09
01-Apr-02;0.2
01-May-02;0.43
01-Jun-02;0.65
01-Jul-02;0.79
01-Aug-02;0.86
01-Sep-02;1.01
01-Oct-02;1.21
01-Nov-02;1.31
01-Dec-02;1.14
01-Jan-03;0.92
01-Feb-03;0.63
01-Mar-03;0.38
01-Apr-03;-0.04
01-May-03;-0.26
01-Jun-03;-0.16
01-Jul-03;0.08
01-Aug-03;0.21
01-Sep-03;0.26
01-Oct-03;0.29
01-Nov-03;0.35
01-Dec-03;0.35
01-Jan-04;0.37
01-Feb-04;0.31
01-Mar-04;0.23
01-Apr-04;0.17
01-May-04;0.17
01-Jun-04;0.28
01-Jul-04;0.47
01-Aug-04;0.64
01-Sep-04;0.7
01-Oct-04;0.67
01-Nov-04;0.66
01-Dec-04;0.69
01-Jan-05;0.64
01-Feb-05;0.58
01-Mar-05;0.45
01-Apr-05;0.43
01-May-05;0.29
01-Jun-05;0.11
01-Jul-05;-0.06
01-Aug-05;-0.14
01-Sep-05;-0.11
01-Oct-05;-0.29
01-Nov-05;-0.57
01-Dec-05;-0.84
01-Jan-06;-0.85
01-Feb-06;-0.77
01-Mar-06;-0.57
01-Apr-06;-0.37
01-May-06;-0.14
01-Jun-06;-0.03
01-Jul-06;0.1
01-Aug-06;0.3
01-Sep-06;0.54
01-Oct-06;0.77
01-Nov-06;0.94
01-Dec-06;0.94
01-Jan-07;0.66
01-Feb-07;0.22
01-Mar-07;-0.12
01-Apr-07;-0.32
01-May-07;-0.38
01-Jun-07;-0.47
01-Jul-07;-0.56
01-Aug-07;-0.81
01-Sep-07;-1.07
01-Oct-07;-1.34
01-Nov-07;-1.5
01-Dec-07;-1.6
01-Jan-08;-1.64
01-Feb-08;-1.52
01-Mar-08;-1.29
01-Apr-08;-1.01
01-May-08;-0.84
01-Jun-08;-0.61
01-Jul-08;-0.37
01-Aug-08;-0.23
01-Sep-08;-0.24
01-Oct-08;-0.35
01-Nov-08;-0.55
01-Dec-08;-0.73
01-Jan-09;-0.85
01-Feb-09;-0.79
01-Mar-09;-0.61
01-Apr-09;-0.33
01-May-09;0.01
01-Jun-09;0.28
01-Jul-09;0.45
01-Aug-09;0.58
01-Sep-09;0.71
01-Oct-09;1.01
01-Nov-09;1.36
01-Dec-09;1.56
01-Jan-10;1.5
01-Feb-10;1.22
01-Mar-10;0.84
01-Apr-10;0.35
01-May-10;-0.17
01-Jun-10;-0.66
01-Jul-10;-1.05
01-Aug-10;-1.35
01-Sep-10;-1.56
01-Oct-10;-1.64
01-Nov-10;-1.64
01-Dec-10;-1.54
01-Jan-11;-1.31
01-Feb-11;-1.04
01-Mar-11;-0.8
01-Apr-11;-0.62
01-May-11;-0.46
01-Jun-11;-0.37
01-Jul-11;-0.43
01-Aug-11;-0.58
01-Sep-11;-0.79
01-Oct-11;-0.96
01-Nov-11;-1.02
01-Dec-11;-0.92
01-Jan-12;-0.72
01-Feb-12;-0.57
01-Mar-12;-0.46
01-Apr-12;-0.36
01-May-12;-0.17
01-Jun-12;0.06
01-Jul-12;0.3
01-Aug-12;0.41
01-Sep-12;0.41
01-Oct-12;0.31
01-Nov-12;0.13
01-Dec-12;-0.1
01-Jan-13;-0.29
01-Feb-13;-0.29
01-Mar-13;-0.21
01-Apr-13;-0.19
01-May-13;-0.27
01-Jun-13;-0.34
01-Jul-13;-0.35
01-Aug-13;-0.28
01-Sep-13;-0.21
01-Oct-13;-0.13
01-Nov-13;-0.1
01-Dec-13;-0.15
01-Jan-14;-0.28
01-Feb-14;-0.32
01-Mar-14;-0.14
01-Apr-14;0.15
01-May-14;0.31
01-Jun-14;0.23
01-Jul-14;0.1
01-Aug-14;0.11
01-Sep-14;0.28
01-Oct-14;0.54
01-Nov-14;0.71
01-Dec-14;0.77
01-Jan-15;0.69
01-Feb-15;0.61
01-Mar-15;0.65
01-Apr-15;0.81
01-May-15;1.02
01-Jun-15;1.25
01-Jul-15;1.57
01-Aug-15;1.91
01-Sep-15;2.21
01-Oct-15;2.47
01-Nov-15;2.64
01-Dec-15;2.75
01-Jan-16;2.63
01-Feb-16;2.28
01-Mar-16;1.71
01-Apr-16;1.05
01-May-16;0.49
01-Jun-16;0
01-Jul-16;-0.31
01-Aug-16;-0.5
01-Sep-16;-0.58
01-Oct-16;-0.64
01-Nov-16;-0.6
01-Dec-16;-0.45
01-Jan-17;-0.19
01-Feb-17;-0.02
01-Mar-17;0.18
01-Apr-17;0.31
01-May-17;0.4
01-Jun-17;0.39
01-Jul-17;0.19
01-Aug-17;-0.07
01-Sep-17;-0.34
01-Oct-17;-0.6
01-Nov-17;-0.77
01-Dec-17;-0.86
01-Jan-18;-0.77
01-Feb-18;-0.71
01-Mar-18;-0.57
01-Apr-18;-0.39
01-May-18;-0.13
01-Jun-18;0.06
01-Jul-18;0.14
01-Aug-18;0.27
01-Sep-18;0.53
01-Oct-18;0.81
01-Nov-18;0.97
01-Dec-18;0.92
01-Jan-19;0.89
01-Feb-19;0.86
01-Mar-19;0.84
01-Apr-19;0.77
01-May-19;0.64
01-Jun-19;0.52
01-Jul-19;0.33
01-Aug-19;0.19
01-Sep-19;0.23
01-Oct-19;0.39
01-Nov-19;0.58
01-Dec-19;0.66
01-Jan-20;0.64
01-Feb-20;0.63
01-Mar-20;0.53
01-Apr-20;0.3
01-May-20;0.01
01-Jun-20;-0.23
01-Jul-20;-0.36
01-Aug-20;-0.53
01-Sep-20;-0.85
01-Oct-20;-1.12
01-Nov-20;-1.2
01-Dec-20;-1.08
01-Jan-21;-0.91
01-Feb-21;-0.79
01-Mar-21;-0.71
01-Apr-21;-0.55
01-May-21;-0.39
01-Jun-21;-0.3
01-Jul-21;-0.35
01-Aug-21;-0.45
01-Sep-21;-0.63
01-Oct-21;-0.76
01-Nov-21;-0.91
01-Dec-21;-0.87
01-Jan-22;-0.82
01-Feb-22;-0.79
01-Mar-22;-0.86
01-Apr-22;-0.95
01-May-22;-0.9
01-Jun-22;-0.78
01-Jul-22;-0.76
01-Aug-22;-0.87
01-Sep-22;-0.97
01-Oct-22;-0.94
01-Nov-22;-0.85
01-Dec-22;-0.71
01-Jan-23;-0.54
01-Feb-23;-0.29
01-Mar-23;-0.02
01-Apr-23;0.27
01-May-23;0.57
01-Jun-23;0.84
01-Jul-23;1.12
01-Aug-23;1.37
01-Sep-23;1.6
01-Oct-23;1.83
01-Nov-23;1.99
01-Dec-23;2.06
01-Jan-24;1.92
01-Feb-24;1.62
01-Mar-24;1.26
01-Apr-24;0.82
01-May-24;0.49
01-Jun-24;0.22
01-Jul-24;0.08
01-Aug-24;-0.07
01-Sep-24;-0.17
01-Oct-24;-0.21
01-Nov-24;-0.3
01-Dec-24;-0.42
