Datetime,Hs,Tp,Dir
2025-01-01 00:00,1.2,6.5,270
2025-01-01 01:00,1.3,6.7,275
2025-01-01 02:00,1.5,7.0,280
2025-01-01 03:00,1.7,7.2,285
2025-01-01 04:00,1.9,7.5,290
2025-01-01 05:00,2.1,7.8,295
2025-01-01 06:00,2.3,8.0,300
2025-01-01 07:00,2.5,8.2,305
2025-01-01 08:00,2.4,8.1,300
2025-01-01 09:00,2.2,7.8,295
2025-01-01 10:00,2.0,7.5,290
2025-01-01 11:00,1.8,7.2,285
2025-01-01 12:00,1.6,7.0,280
2025-01-01 13:00,1.4,6.8,275
2025-01-01 14:00,1.3,6.6,270
2025-01-01 15:00,1.2,6.5,265
2025-01-01 16:00,1.1,6.4,260
2025-01-01 17:00,1.0,6.3,255
2025-01-01 18:00,1.1,6.4,260
2025-01-01 19:00,1.3,6.6,265
2025-01-01 20:00,1.5,6.9,270
2025-01-01 21:00,1.7,7.1,275
2025-01-01 22:00,1.8,7.3,280
2025-01-01 23:00,1.6,7.0,275
