latitude,longitude,time,hs,tp,dp
-6.0000,106.8000,2026-07-01T00:00:00Z,1.2,7.5,180
-6.0000,106.8000,2026-07-01T01:00:00Z,1.4,7.8,185
-6.0000,106.8000,2026-07-01T02:00:00Z,1.6,8.0,190
-6.0500,106.8500,2026-07-01T03:00:00Z,1.8,8.3,195
-6.0500,106.8500,2026-07-01T04:00:00Z,2.1,8.7,200
-6.1000,106.9000,2026-07-01T05:00:00Z,2.3,9.1,205
-6.1000,106.9000,2026-07-01T06:00:00Z,2.5,9.4,210
-6.1500,106.9500,2026-07-01T07:00:00Z,2.2,9.0,215
-6.1500,106.9500,2026-07-01T08:00:00Z,1.9,8.5,220
-6.2000,107.0000,2026-07-01T09:00:00Z,1.7,8.2,225
-6.2000,107.0000,2026-07-01T10:00:00Z,1.5,7.9,230
-6.2500,107.0500,2026-07-01T11:00:00Z,1.3,7.6,235
