point_order,latitude,longitude
1,-6.9000,110.3000
2,-6.8995,110.3050
3,-6.8990,110.3100
4,-6.8985,110.3150
5,-6.8980,110.3200
6,-6.8975,110.3250
7,-6.8970,110.3300
8,-6.8965,110.3350
9,-6.8960,110.3400
10,-6.8955,110.3450
11,-6.8950,110.3500
12,-6.8945,110.3550
13,-6.8940,110.3600
14,-6.8935,110.3650
15,-6.8930,110.3700
16,-6.8925,110.3750
17,-6.8920,110.3800
18,-6.8915,110.3850
19,-6.8910,110.3900
20,-6.8905,110.3950
21,-6.8900,110.4000
22,-6.8895,110.4050
23,-6.8890,110.4100
24,-6.8885,110.4150
25,-6.8880,110.4200
26,-6.8875,110.4250
27,-6.8870,110.4300
28,-6.8865,110.4350
29,-6.8860,110.4400
30,-6.8855,110.4450
31,-6.8850,110.4500
32,-6.8845,110.4550
33,-6.8840,110.4600
34,-6.8835,110.4650
35,-6.8830,110.4700
36,-6.8825,110.4750
37,-6.8820,110.4800
38,-6.8815,110.4850
39,-6.8810,110.4900
40,-6.8805,110.4950
41,-6.8800,110.5000
42,-6.8795,110.5050
43,-6.8790,110.5100
44,-6.8785,110.5150
45,-6.8780,110.5200
46,-6.8775,110.5250
47,-6.8770,110.5300
48,-6.8765,110.5350
49,-6.8760,110.5400
50,-6.8755,110.5450
51,-6.8750,110.5500
52,-6.8745,110.5550
53,-6.8740,110.5600
54,-6.8735,110.5650
55,-6.8730,110.5700
56,-6.8725,110.5750
57,-6.8720,110.5800
58,-6.8715,110.5850
59,-6.8710,110.5900
60,-6.8705,110.5950
61,-6.8700,110.6000
62,-6.8695,110.6050
63,-6.8690,110.6100
64,-6.8685,110.6150
65,-6.8680,110.6200
66,-6.8675,110.6250
67,-6.8670,110.6300
68,-6.8665,110.6350
69,-6.8660,110.6400
70,-6.8655,110.6450
71,-6.8650,110.6500
72,-6.8645,110.6550
73,-6.8640,110.6600
74,-6.8635,110.6650
75,-6.8630,110.6700
76,-6.8625,110.6750
77,-6.8620,110.6800
78,-6.8615,110.6850
79,-6.8610,110.6900
80,-6.8605,110.6950
81,-6.8600,110.7000
82,-6.8595,110.7050
83,-6.8590,110.7100
84,-6.8585,110.7150
85,-6.8580,110.7200
86,-6.8575,110.7250
87,-6.8570,110.7300
88,-6.8565,110.7350
89,-6.8560,110.7400
90,-6.8555,110.7450
91,-6.8550,110.7500
92,-6.8545,110.7550
93,-6.8540,110.7600
94,-6.8535,110.7650
95,-6.8530,110.7700
96,-6.8525,110.7750
97,-6.8520,110.7800
98,-6.8515,110.7850
99,-6.8510,110.7900
100,-6.8505,110.7950
