Datetime,WaterLevel
2025-01-01 00:00,1.20
2025-01-01 01:00,1.45
2025-01-01 02:00,1.78
2025-01-01 03:00,2.05
2025-01-01 04:00,2.22
2025-01-01 05:00,2.30
2025-01-01 06:00,2.28
2025-01-01 07:00,2.12
2025-01-01 08:00,1.88
2025-01-01 09:00,1.55
2025-01-01 10:00,1.20
2025-01-01 11:00,0.90
2025-01-01 12:00,0.72
2025-01-01 13:00,0.65
2025-01-01 14:00,0.70
2025-01-01 15:00,0.88
2025-01-01 16:00,1.15
2025-01-01 17:00,1.50
2025-01-01 18:00,1.82
2025-01-01 19:00,2.05
2025-01-01 20:00,2.18
2025-01-01 21:00,2.20
2025-01-01 22:00,2.08
2025-01-01 23:00,1.82
2025-01-02 00:00,1.48
2025-01-02 01:00,1.15
2025-01-02 02:00,0.90
2025-01-02 03:00,0.72
2025-01-02 04:00,0.65
2025-01-02 05:00,0.72
2025-01-02 06:00,0.92
2025-01-02 07:00,1.20
2025-01-02 08:00,1.55
2025-01-02 09:00,1.88
2025-01-02 10:00,2.12
2025-01-02 11:00,2.25
2025-01-02 12:00,2.28
2025-01-02 13:00,2.18
2025-01-02 14:00,1.98
2025-01-02 15:00,1.70
2025-01-02 16:00,1.38
2025-01-02 17:00,1.05
2025-01-02 18:00,0.82
2025-01-02 19:00,0.68
2025-01-02 20:00,0.65
2025-01-02 21:00,0.78
2025-01-02 22:00,1.00
2025-01-02 23:00,1.30
